user_id,city,fav_categories
1,Peshawar,"[""Other"", ""Art"", ""Food And Drink""]"
2,Karachi,"[""Music"", ""Food And Drink"", ""Education""]"
3,Faisalabad,"[""Music"", ""Festival""]"
4,Quetta,"[""Education""]"
5,Islamabad,"[""Festival"", ""Other"", ""Sports""]"
6,Islamabad,"[""Music"", ""Festival""]"
7,Multan,"[""Art"", ""Festival"", ""Music""]"
8,Multan,"[""Education"", ""Art""]"
9,Multan,"[""Art"", ""Food And Drink""]"
10,Karachi,"[""Education"", ""Sports""]"
11,Multan,"[""Festival"", ""Food And Drink""]"
12,Islamabad,"[""Sports"", ""Education"", ""Festival""]"
13,Islamabad,"[""Education"", ""Music""]"
14,Quetta,"[""Sports"", ""Food And Drink""]"
15,Faisalabad,"[""Education"", ""Festival"", ""Art""]"
16,Karachi,"[""Food And Drink"", ""Festival""]"
17,Multan,"[""Food And Drink"", ""Festival"", ""Sports""]"
18,Peshawar,"[""Art""]"
19,Lahore,"[""Festival"", ""Education"", ""Art""]"
20,Islamabad,"[""Festival""]"
21,Karachi,"[""Other""]"z
22,Lahore,"[""Music""]"
23,Peshawar,"[""Food And Drink""]"
24,Faisalabad,"[""Food And Drink""]"
25,Faisalabad,"[""Education"", ""Sports"", ""Food And Drink""]"
26,Multan,"[""Sports"", ""Other""]"
27,Karachi,"[""Music"", ""Other"", ""Food And Drink""]"
28,Multan,"[""Other""]"
29,Karachi,"[""Food And Drink"", ""Music"", ""Education""]"
30,Karachi,"[""Food And Drink""]"
31,Peshawar,"[""Festival"", ""Education""]"
32,Quetta,"[""Art"", ""Food And Drink"", ""Education""]"
33,Faisalabad,"[""Education"", ""Food And Drink"", ""Other""]"
34,Quetta,"[""Festival""]"
35,Quetta,"[""Food And Drink"", ""Art""]"
36,Multan,"[""Other""]"
37,Faisalabad,"[""Other"", ""Education""]"
38,Lahore,"[""Sports"", ""Art"", ""Food And Drink""]"
39,Islamabad,"[""Art"", ""Sports"", ""Other""]"
40,Karachi,"[""Education"", ""Music""]"
41,Faisalabad,"[""Sports""]"
42,Lahore,"[""Sports"", ""Festival"", ""Other""]"
43,Peshawar,"[""Food And Drink"", ""Art""]"
44,Karachi,"[""Food And Drink"", ""Music""]"
45,Multan,"[""Food And Drink"", ""Education""]"
46,Quetta,"[""Other""]"
47,Islamabad,"[""Food And Drink"", ""Other"", ""Music""]"
48,Quetta,"[""Other"", ""Food And Drink""]"
49,Multan,"[""Education"", ""Festival""]"
50,Faisalabad,"[""Other"", ""Education"", ""Sports""]"
51,Faisalabad,"[""Art""]"
52,Islamabad,"[""Music"", ""Food And Drink""]"
53,Quetta,"[""Festival"", ""Food And Drink"", ""Sports""]"
54,Peshawar,"[""Sports"", ""Education""]"
55,Peshawar,"[""Food And Drink""]"
56,Multan,"[""Festival"", ""Music"", ""Other""]"
57,Karachi,"[""Sports"", ""Food And Drink""]"
58,Faisalabad,"[""Art""]"
59,Islamabad,"[""Sports"", ""Food And Drink""]"
60,Islamabad,"[""Other"", ""Food And Drink""]"
61,Faisalabad,"[""Art"", ""Music""]"
62,Peshawar,"[""Festival""]"
63,Karachi,"[""Art""]"
64,Quetta,"[""Music"", ""Festival"", ""Other""]"
65,Karachi,"[""Sports""]"
66,Karachi,"[""Education""]"
67,Faisalabad,"[""Sports""]"
68,Faisalabad,"[""Music"", ""Education"", ""Sports""]"
69,Peshawar,"[""Art"", ""Other"", ""Sports""]"
70,Quetta,"[""Festival"", ""Other"", ""Music""]"
71,Lahore,"[""Art""]"
72,Multan,"[""Music"", ""Art"", ""Education""]"
73,Karachi,"[""Food And Drink"", ""Festival""]"
74,Multan,"[""Education""]"
75,Quetta,"[""Sports"", ""Music"", ""Art""]"
76,Quetta,"[""Education"", ""Music"", ""Other""]"
77,Peshawar,"[""Art""]"
78,Lahore,"[""Festival"", ""Art""]"
79,Quetta,"[""Festival"", ""Art"", ""Music""]"
80,Lahore,"[""Other"", ""Food And Drink""]"
81,Quetta,"[""Art"", ""Festival""]"
82,Faisalabad,"[""Festival"", ""Sports""]"
83,Peshawar,"[""Festival""]"
84,Quetta,"[""Art"", ""Education"", ""Festival""]"
85,Quetta,"[""Food And Drink"", ""Other""]"
86,Quetta,"[""Education"", ""Art"", ""Festival""]"
87,Lahore,"[""Other""]"
88,Quetta,"[""Food And Drink"", ""Sports""]"
89,Multan,"[""Education"", ""Other""]"
90,Faisalabad,"[""Art"", ""Music""]"
91,Karachi,"[""Sports"", ""Food And Drink""]"
92,Islamabad,"[""Other"", ""Art""]"
93,Islamabad,"[""Education"", ""Festival""]"
94,Lahore,"[""Music"", ""Education"", ""Sports""]"
95,Faisalabad,"[""Festival""]"
96,Multan,"[""Education"", ""Sports""]"
97,Faisalabad,"[""Festival"", ""Other""]"
98,Lahore,"[""Other"", ""Music""]"
99,Multan,"[""Sports"", ""Food And Drink""]"
100,Multan,"[""Art""]"
101,Peshawar,"[""Art"", ""Food And Drink"", ""Education""]"
102,Peshawar,"[""Food And Drink"", ""Festival""]"
103,Faisalabad,"[""Art"", ""Festival""]"
104,Karachi,"[""Art"", ""Other""]"
105,Karachi,"[""Festival""]"
106,Peshawar,"[""Music"", ""Festival""]"
107,Multan,"[""Sports"", ""Other"", ""Festival""]"
108,Peshawar,"[""Art"", ""Festival""]"
109,Quetta,"[""Education"", ""Art"", ""Music""]"
110,Karachi,"[""Art""]"
111,Lahore,"[""Sports"", ""Art""]"
112,Lahore,"[""Education"", ""Sports"", ""Art""]"
113,Islamabad,"[""Education""]"
114,Lahore,"[""Sports"", ""Festival"", ""Food And Drink""]"
115,Islamabad,"[""Education""]"
116,Islamabad,"[""Food And Drink"", ""Other""]"
117,Islamabad,"[""Music""]"
118,Faisalabad,"[""Music"", ""Other""]"
119,Multan,"[""Music"", ""Education""]"
120,Quetta,"[""Music"", ""Sports"", ""Festival""]"
121,Lahore,"[""Art"", ""Music"", ""Sports""]"
122,Peshawar,"[""Other"", ""Food And Drink"", ""Education""]"
123,Faisalabad,"[""Sports"", ""Education"", ""Food And Drink""]"
124,Faisalabad,"[""Art"", ""Education""]"
125,Lahore,"[""Education"", ""Other""]"
126,Multan,"[""Festival"", ""Music"", ""Sports""]"
127,Multan,"[""Art""]"
128,Karachi,"[""Sports""]"
129,Lahore,"[""Education""]"
130,Faisalabad,"[""Music""]"
131,Faisalabad,"[""Festival"", ""Education""]"
132,Islamabad,"[""Music"", ""Sports""]"
133,Lahore,"[""Art"", ""Festival"", ""Food And Drink""]"
134,Multan,"[""Sports"", ""Art"", ""Education""]"
135,Lahore,"[""Food And Drink""]"
136,Islamabad,"[""Sports"", ""Festival"", ""Other""]"
137,Lahore,"[""Music""]"
138,Islamabad,"[""Other""]"
139,Faisalabad,"[""Festival"", ""Education"", ""Art""]"
140,Multan,"[""Food And Drink""]"
141,Islamabad,"[""Festival"", ""Food And Drink""]"
142,Lahore,"[""Education"", ""Food And Drink"", ""Festival""]"
143,Peshawar,"[""Music"", ""Food And Drink"", ""Art""]"
144,Karachi,"[""Music"", ""Other""]"
145,Lahore,"[""Other"", ""Education"", ""Festival""]"
146,Lahore,"[""Other"", ""Art"", ""Education""]"
147,Peshawar,"[""Food And Drink""]"
148,Peshawar,"[""Food And Drink"", ""Art"", ""Sports""]"
149,Lahore,"[""Festival"", ""Food And Drink""]"
150,Islamabad,"[""Art"", ""Food And Drink""]"
151,Quetta,"[""Festival"", ""Music""]"
152,Faisalabad,"[""Art""]"
153,Quetta,"[""Food And Drink"", ""Art"", ""Other""]"
154,Islamabad,"[""Music"", ""Food And Drink"", ""Other""]"
155,Quetta,"[""Art"", ""Music""]"
156,Quetta,"[""Other"", ""Education""]"
157,Quetta,"[""Festival""]"
158,Karachi,"[""Food And Drink"", ""Other"", ""Music""]"
159,Multan,"[""Art"", ""Education"", ""Food And Drink""]"
160,Karachi,"[""Other"", ""Music""]"
161,Islamabad,"[""Education"", ""Sports""]"
162,Lahore,"[""Festival"", ""Food And Drink""]"
163,Peshawar,"[""Festival""]"
164,Karachi,"[""Festival""]"
165,Peshawar,"[""Education"", ""Music""]"
166,Quetta,"[""Music"", ""Sports""]"
167,Lahore,"[""Food And Drink""]"
168,Multan,"[""Other"", ""Sports"", ""Food And Drink""]"
169,Islamabad,"[""Education"", ""Festival""]"
170,Faisalabad,"[""Other"", ""Food And Drink""]"
171,Peshawar,"[""Food And Drink""]"
172,Karachi,"[""Food And Drink""]"
173,Quetta,"[""Education"", ""Festival"", ""Sports""]"
174,Quetta,"[""Art""]"
175,Islamabad,"[""Art"", ""Education""]"
176,Multan,"[""Art""]"
177,Peshawar,"[""Other"", ""Education""]"
178,Peshawar,"[""Food And Drink"", ""Sports"", ""Other""]"
179,Peshawar,"[""Art"", ""Other""]"
180,Quetta,"[""Food And Drink"", ""Other"", ""Art""]"
181,Karachi,"[""Festival""]"
182,Lahore,"[""Food And Drink"", ""Sports"", ""Other""]"
183,Multan,"[""Festival"", ""Food And Drink""]"
184,Quetta,"[""Food And Drink"", ""Festival""]"
185,Karachi,"[""Sports"", ""Food And Drink"", ""Music""]"
186,Quetta,"[""Education"", ""Art"", ""Music""]"
187,Faisalabad,"[""Music"", ""Education""]"
188,Karachi,"[""Festival""]"
189,Karachi,"[""Other"", ""Festival""]"
190,Quetta,"[""Food And Drink""]"
191,Multan,"[""Art"", ""Education""]"
192,Quetta,"[""Festival"", ""Music""]"
193,Quetta,"[""Other"", ""Festival""]"
194,Quetta,"[""Food And Drink"", ""Art"", ""Other""]"
195,Karachi,"[""Music"", ""Education"", ""Other""]"
196,Multan,"[""Festival"", ""Art"", ""Sports""]"
197,Lahore,"[""Food And Drink""]"
198,Karachi,"[""Festival"", ""Music"", ""Food And Drink""]"
199,Islamabad,"[""Art"", ""Music"", ""Festival""]"
200,Islamabad,"[""Art""]"
201,Karachi,"[""Food And Drink"", ""Sports""]"
202,Karachi,"[""Food And Drink"", ""Education"", ""Sports""]"
203,Peshawar,"[""Music""]"
204,Karachi,"[""Education"", ""Festival""]"
205,Karachi,"[""Education"", ""Sports""]"
206,Faisalabad,"[""Festival"", ""Art""]"
207,Quetta,"[""Festival"", ""Music""]"
208,Peshawar,"[""Art"", ""Festival""]"
209,Faisalabad,"[""Music""]"
210,Multan,"[""Education"", ""Art""]"
211,Faisalabad,"[""Festival"", ""Art""]"
212,Quetta,"[""Sports"", ""Food And Drink""]"
213,Faisalabad,"[""Music"", ""Sports""]"
214,Multan,"[""Art"", ""Education"", ""Other""]"
215,Faisalabad,"[""Music"", ""Festival""]"
216,Quetta,"[""Music"", ""Education""]"
217,Peshawar,"[""Other"", ""Festival"", ""Music""]"
218,Peshawar,"[""Food And Drink"", ""Art"", ""Sports""]"
219,Karachi,"[""Sports"", ""Festival""]"
220,Multan,"[""Art"", ""Festival"", ""Sports""]"
221,Multan,"[""Festival""]"
222,Quetta,"[""Art""]"
223,Islamabad,"[""Music"", ""Education""]"
224,Islamabad,"[""Sports"", ""Music"", ""Art""]"
225,Karachi,"[""Food And Drink"", ""Sports"", ""Festival""]"
226,Islamabad,"[""Art"", ""Education"", ""Festival""]"
227,Quetta,"[""Art""]"
228,Multan,"[""Other"", ""Art""]"
229,Faisalabad,"[""Other"", ""Music""]"
230,Quetta,"[""Sports""]"
231,Multan,"[""Other""]"
232,Islamabad,"[""Festival"", ""Food And Drink"", ""Education""]"
233,Faisalabad,"[""Other""]"
234,Peshawar,"[""Art""]"
235,Islamabad,"[""Food And Drink""]"
236,Peshawar,"[""Festival"", ""Other"", ""Art""]"
237,Islamabad,"[""Other"", ""Festival""]"
238,Karachi,"[""Festival""]"
239,Peshawar,"[""Music"", ""Education""]"
240,Multan,"[""Education"", ""Sports""]"
241,Quetta,"[""Festival""]"
242,Multan,"[""Festival"", ""Art""]"
243,Lahore,"[""Music"", ""Sports""]"
244,Faisalabad,"[""Art""]"
245,Karachi,"[""Music""]"
246,Islamabad,"[""Sports"", ""Food And Drink"", ""Festival""]"
247,Faisalabad,"[""Festival"", ""Other"", ""Education""]"
248,Faisalabad,"[""Festival"", ""Other"", ""Sports""]"
249,Faisalabad,"[""Music"", ""Food And Drink"", ""Education""]"
250,Islamabad,"[""Music"", ""Festival""]"
251,Faisalabad,"[""Food And Drink""]"
252,Islamabad,"[""Other""]"
253,Islamabad,"[""Festival""]"
254,Faisalabad,"[""Festival"", ""Art"", ""Music""]"
255,Quetta,"[""Sports"", ""Music""]"
256,Karachi,"[""Music"", ""Festival""]"
257,Lahore,"[""Festival"", ""Education"", ""Music""]"
258,Quetta,"[""Sports"", ""Other""]"
259,Karachi,"[""Sports"", ""Music"", ""Education""]"
260,Quetta,"[""Sports"", ""Other"", ""Art""]"
261,Peshawar,"[""Other""]"
262,Quetta,"[""Art""]"
263,Peshawar,"[""Sports""]"
264,Lahore,"[""Other"", ""Sports""]"
265,Lahore,"[""Other"", ""Music"", ""Sports""]"
266,Peshawar,"[""Other"", ""Sports""]"
267,Islamabad,"[""Music"", ""Sports""]"
268,Multan,"[""Sports""]"
269,Multan,"[""Education"", ""Music""]"
270,Faisalabad,"[""Food And Drink""]"
271,Lahore,"[""Education"", ""Other""]"
272,Peshawar,"[""Education"", ""Sports""]"
273,Quetta,"[""Festival""]"
274,Multan,"[""Education"", ""Art"", ""Food And Drink""]"
275,Faisalabad,"[""Music""]"
276,Lahore,"[""Food And Drink"", ""Festival""]"
277,Lahore,"[""Festival"", ""Food And Drink""]"
278,Peshawar,"[""Art""]"
279,Karachi,"[""Music""]"
280,Peshawar,"[""Education"", ""Festival""]"
281,Peshawar,"[""Festival"", ""Art"", ""Food And Drink""]"
282,Peshawar,"[""Art"", ""Food And Drink"", ""Education""]"
283,Lahore,"[""Music"", ""Festival""]"
284,Faisalabad,"[""Festival"", ""Education"", ""Sports""]"
285,Islamabad,"[""Sports"", ""Food And Drink""]"
286,Multan,"[""Food And Drink"", ""Other""]"
287,Faisalabad,"[""Art""]"
288,Islamabad,"[""Festival"", ""Art""]"
289,Faisalabad,"[""Festival""]"
290,Quetta,"[""Music""]"
291,Faisalabad,"[""Music""]"
292,Multan,"[""Festival""]"
293,Peshawar,"[""Other"", ""Sports""]"
294,Peshawar,"[""Education""]"
295,Faisalabad,"[""Art"", ""Festival"", ""Music""]"
296,Quetta,"[""Other"", ""Festival""]"
297,Lahore,"[""Other"", ""Festival""]"
298,Islamabad,"[""Education"", ""Art""]"
299,Peshawar,"[""Education""]"
300,Multan,"[""Sports""]"
301,Islamabad,"[""Sports"", ""Music""]"
302,Peshawar,"[""Art"", ""Music"", ""Other""]"
303,Faisalabad,"[""Other""]"
304,Multan,"[""Other"", ""Education"", ""Festival""]"
305,Multan,"[""Education"", ""Music"", ""Other""]"
306,Islamabad,"[""Art"", ""Music"", ""Sports""]"
307,Islamabad,"[""Other"", ""Art"", ""Festival""]"
308,Quetta,"[""Sports""]"
309,Multan,"[""Education""]"
310,Multan,"[""Music"", ""Sports""]"
311,Karachi,"[""Music"", ""Other"", ""Education""]"
312,Islamabad,"[""Food And Drink"", ""Other""]"
313,Islamabad,"[""Art""]"
314,Lahore,"[""Art"", ""Education"", ""Festival""]"
315,Karachi,"[""Sports""]"
316,Islamabad,"[""Music"", ""Festival"", ""Other""]"
317,Faisalabad,"[""Festival"", ""Food And Drink""]"
318,Karachi,"[""Food And Drink"", ""Other"", ""Art""]"
319,Lahore,"[""Music"", ""Art"", ""Food And Drink""]"
320,Peshawar,"[""Festival"", ""Other""]"
321,Islamabad,"[""Education"", ""Festival""]"
322,Faisalabad,"[""Sports""]"
323,Islamabad,"[""Music"", ""Other"", ""Sports""]"
324,Karachi,"[""Other""]"
325,Lahore,"[""Art"", ""Other""]"
326,Multan,"[""Food And Drink""]"
327,Faisalabad,"[""Sports"", ""Other""]"
328,Peshawar,"[""Festival"", ""Sports"", ""Education""]"
329,Faisalabad,"[""Other"", ""Art"", ""Music""]"
330,Faisalabad,"[""Music"", ""Food And Drink"", ""Other""]"
331,Islamabad,"[""Other""]"
332,Multan,"[""Food And Drink"", ""Education"", ""Other""]"
333,Faisalabad,"[""Food And Drink"", ""Art"", ""Music""]"
334,Karachi,"[""Art""]"
335,Lahore,"[""Food And Drink"", ""Festival"", ""Art""]"
336,Karachi,"[""Other"", ""Music""]"
337,Peshawar,"[""Education"", ""Food And Drink""]"
338,Quetta,"[""Food And Drink""]"
339,Karachi,"[""Festival"", ""Art""]"
340,Lahore,"[""Other"", ""Sports""]"
341,Peshawar,"[""Festival"", ""Music"", ""Education""]"
342,Islamabad,"[""Other""]"
343,Quetta,"[""Festival"", ""Other""]"
344,Lahore,"[""Sports""]"
345,Karachi,"[""Art""]"
346,Karachi,"[""Education""]"
347,Faisalabad,"[""Music"", ""Sports"", ""Food And Drink""]"
348,Multan,"[""Other"", ""Education"", ""Food And Drink""]"
349,Islamabad,"[""Festival"", ""Other"", ""Education""]"
350,Lahore,"[""Art"", ""Sports"", ""Food And Drink""]"
351,Islamabad,"[""Food And Drink"", ""Festival""]"
352,Islamabad,"[""Education"", ""Music""]"
353,Faisalabad,"[""Music"", ""Art"", ""Food And Drink""]"
354,Islamabad,"[""Music""]"
355,Quetta,"[""Music"", ""Festival""]"
356,Peshawar,"[""Education""]"
357,Peshawar,"[""Food And Drink"", ""Other"", ""Education""]"
358,Multan,"[""Music"", ""Food And Drink"", ""Education""]"
359,Peshawar,"[""Art""]"
360,Lahore,"[""Education"", ""Sports""]"
361,Multan,"[""Music"", ""Art""]"
362,Multan,"[""Education""]"
363,Karachi,"[""Music""]"
364,Peshawar,"[""Food And Drink"", ""Other"", ""Education""]"
365,Islamabad,"[""Sports"", ""Art"", ""Festival""]"
366,Multan,"[""Food And Drink"", ""Art""]"
367,Lahore,"[""Music"", ""Festival"", ""Art""]"
368,Multan,"[""Music"", ""Education""]"
369,Multan,"[""Art"", ""Other""]"
370,Lahore,"[""Education"", ""Sports"", ""Art""]"
371,Islamabad,"[""Festival"", ""Sports"", ""Art""]"
372,Karachi,"[""Festival"", ""Other"", ""Food And Drink""]"
373,Peshawar,"[""Festival"", ""Music"", ""Art""]"
374,Quetta,"[""Festival"", ""Art""]"
375,Multan,"[""Festival""]"
376,Multan,"[""Festival"", ""Education"", ""Music""]"
377,Lahore,"[""Food And Drink"", ""Education"", ""Art""]"
378,Karachi,"[""Art"", ""Sports""]"
379,Karachi,"[""Other"", ""Food And Drink""]"
380,Karachi,"[""Sports""]"
381,Quetta,"[""Art""]"
382,Quetta,"[""Education""]"
383,Lahore,"[""Other"", ""Festival"", ""Education""]"
384,Peshawar,"[""Art"", ""Education"", ""Sports""]"
385,Karachi,"[""Sports"", ""Other""]"
386,Multan,"[""Other"", ""Education"", ""Sports""]"
387,Islamabad,"[""Music"", ""Food And Drink""]"
388,Peshawar,"[""Festival"", ""Sports"", ""Food And Drink""]"
389,Quetta,"[""Other"", ""Festival""]"
390,Karachi,"[""Sports"", ""Education""]"
391,Quetta,"[""Other"", ""Food And Drink""]"
392,Multan,"[""Art""]"
393,Quetta,"[""Food And Drink"", ""Other"", ""Art""]"
394,Faisalabad,"[""Education"", ""Other""]"
395,Karachi,"[""Other""]"
396,Multan,"[""Sports"", ""Art"", ""Music""]"
397,Peshawar,"[""Other"", ""Art""]"
398,Quetta,"[""Festival""]"
399,Lahore,"[""Other"", ""Music"", ""Art""]"
400,Faisalabad,"[""Art""]"
401,Karachi,"[""Sports"", ""Food And Drink"", ""Music""]"
402,Faisalabad,"[""Art"", ""Music""]"
403,Peshawar,"[""Food And Drink""]"
404,Lahore,"[""Sports"", ""Food And Drink""]"
405,Islamabad,"[""Sports"", ""Music""]"
406,Multan,"[""Other""]"
407,Lahore,"[""Art"", ""Sports"", ""Festival""]"
408,Multan,"[""Other"", ""Food And Drink""]"
409,Multan,"[""Other""]"
410,Lahore,"[""Food And Drink"", ""Education""]"
411,Islamabad,"[""Music""]"
412,Karachi,"[""Other""]"
413,Faisalabad,"[""Festival"", ""Education"", ""Other""]"
414,Islamabad,"[""Other""]"
415,Lahore,"[""Art""]"
416,Faisalabad,"[""Sports""]"
417,Lahore,"[""Other"", ""Education"", ""Food And Drink""]"
418,Faisalabad,"[""Other""]"
419,Peshawar,"[""Education"", ""Music"", ""Other""]"
420,Karachi,"[""Festival""]"
421,Peshawar,"[""Food And Drink"", ""Music""]"
422,Faisalabad,"[""Sports"", ""Education""]"
423,Multan,"[""Festival""]"
424,Islamabad,"[""Education""]"
425,Peshawar,"[""Education""]"
426,Lahore,"[""Other"", ""Education"", ""Festival""]"
427,Lahore,"[""Other"", ""Food And Drink""]"
428,Multan,"[""Food And Drink"", ""Art"", ""Festival""]"
429,Quetta,"[""Art""]"
430,Karachi,"[""Art""]"
431,Quetta,"[""Festival"", ""Other"", ""Music""]"
432,Lahore,"[""Festival"", ""Art"", ""Sports""]"
433,Quetta,"[""Education"", ""Art""]"
434,Multan,"[""Sports"", ""Festival"", ""Food And Drink""]"
435,Quetta,"[""Festival"", ""Sports""]"
436,Multan,"[""Music""]"
437,Karachi,"[""Music"", ""Art""]"
438,Karachi,"[""Other""]"
439,Islamabad,"[""Art""]"
440,Islamabad,"[""Food And Drink"", ""Education"", ""Other""]"
441,Multan,"[""Other""]"
442,Islamabad,"[""Art""]"
443,Multan,"[""Other""]"
444,Quetta,"[""Art"", ""Music""]"
445,Multan,"[""Food And Drink"", ""Other""]"
446,Karachi,"[""Food And Drink"", ""Art""]"
447,Islamabad,"[""Festival"", ""Food And Drink""]"
448,Lahore,"[""Art"", ""Music"", ""Food And Drink""]"
449,Peshawar,"[""Education"", ""Sports""]"
450,Lahore,"[""Art"", ""Music""]"
451,Islamabad,"[""Festival"", ""Art""]"
452,Faisalabad,"[""Education"", ""Festival""]"
453,Faisalabad,"[""Festival""]"
454,Multan,"[""Food And Drink"", ""Music""]"
455,Islamabad,"[""Education"", ""Food And Drink""]"
456,Multan,"[""Other"", ""Music"", ""Festival""]"
457,Quetta,"[""Food And Drink"", ""Art"", ""Education""]"
458,Karachi,"[""Festival"", ""Sports"", ""Music""]"
459,Karachi,"[""Festival"", ""Food And Drink"", ""Music""]"
460,Quetta,"[""Sports""]"
461,Peshawar,"[""Art"", ""Other"", ""Food And Drink""]"
462,Karachi,"[""Education""]"
463,Faisalabad,"[""Food And Drink"", ""Art"", ""Festival""]"
464,Karachi,"[""Education""]"
465,Multan,"[""Art"", ""Food And Drink"", ""Other""]"
466,Lahore,"[""Sports"", ""Music""]"
467,Faisalabad,"[""Sports"", ""Food And Drink"", ""Education""]"
468,Multan,"[""Music"", ""Art"", ""Festival""]"
469,Islamabad,"[""Sports"", ""Education""]"
470,Karachi,"[""Food And Drink"", ""Sports"", ""Music""]"
471,Karachi,"[""Food And Drink""]"
472,Multan,"[""Food And Drink"", ""Music"", ""Art""]"
473,Peshawar,"[""Festival"", ""Music""]"
474,Multan,"[""Art"", ""Other"", ""Sports""]"
475,Quetta,"[""Festival"", ""Other"", ""Sports""]"
476,Lahore,"[""Education"", ""Sports""]"
477,Karachi,"[""Other""]"
478,Faisalabad,"[""Other""]"
479,Peshawar,"[""Art""]"
480,Karachi,"[""Art"", ""Food And Drink"", ""Education""]"
481,Faisalabad,"[""Music"", ""Other"", ""Art""]"
482,Faisalabad,"[""Festival"", ""Food And Drink"", ""Education""]"
483,Lahore,"[""Other"", ""Education""]"
484,Multan,"[""Art""]"
485,Faisalabad,"[""Food And Drink""]"
486,Quetta,"[""Education"", ""Art"", ""Sports""]"
487,Quetta,"[""Festival"", ""Education"", ""Sports""]"
488,Peshawar,"[""Food And Drink""]"
489,Lahore,"[""Other""]"
490,Karachi,"[""Sports"", ""Art"", ""Other""]"
491,Islamabad,"[""Festival"", ""Sports""]"
492,Karachi,"[""Art"", ""Music"", ""Other""]"
493,Multan,"[""Education"", ""Art"", ""Sports""]"
494,Lahore,"[""Education"", ""Other""]"
495,Peshawar,"[""Festival"", ""Sports"", ""Education""]"
496,Multan,"[""Sports""]"
497,Quetta,"[""Festival"", ""Education"", ""Art""]"
498,Lahore,"[""Music"", ""Other"", ""Festival""]"
499,Multan,"[""Other"", ""Education"", ""Art""]"
500,Peshawar,"[""Other""]"
501,Lahore,"[""Education"", ""Festival""]"
502,Islamabad,"[""Festival"", ""Education""]"
503,Quetta,"[""Art"", ""Food And Drink"", ""Sports""]"
504,Lahore,"[""Food And Drink"", ""Art"", ""Other""]"
505,Faisalabad,"[""Music"", ""Sports"", ""Food And Drink""]"
506,Islamabad,"[""Food And Drink"", ""Sports""]"
507,Multan,"[""Sports"", ""Art"", ""Festival""]"
508,Quetta,"[""Food And Drink"", ""Sports""]"
509,Lahore,"[""Education"", ""Other""]"
510,Lahore,"[""Sports"", ""Food And Drink""]"
511,Karachi,"[""Food And Drink"", ""Sports""]"
512,Islamabad,"[""Music""]"
513,Faisalabad,"[""Other"", ""Education""]"
514,Karachi,"[""Other""]"
515,Islamabad,"[""Education"", ""Festival""]"
516,Karachi,"[""Other""]"
517,Faisalabad,"[""Education"", ""Food And Drink""]"
518,Lahore,"[""Food And Drink"", ""Music""]"
519,Karachi,"[""Education"", ""Food And Drink""]"
520,Islamabad,"[""Education""]"
521,Islamabad,"[""Music""]"
522,Multan,"[""Education"", ""Festival""]"
523,Lahore,"[""Art"", ""Education""]"
524,Karachi,"[""Food And Drink""]"
525,Quetta,"[""Festival"", ""Art""]"
526,Faisalabad,"[""Art"", ""Music""]"
527,Peshawar,"[""Education""]"
528,Peshawar,"[""Art""]"
529,Peshawar,"[""Music"", ""Food And Drink""]"
530,Islamabad,"[""Other"", ""Education""]"
531,Karachi,"[""Festival"", ""Education"", ""Music""]"
532,Islamabad,"[""Food And Drink""]"
533,Quetta,"[""Education"", ""Art""]"
534,Peshawar,"[""Sports""]"
535,Lahore,"[""Food And Drink"", ""Education"", ""Music""]"
536,Multan,"[""Sports""]"
537,Peshawar,"[""Other"", ""Food And Drink""]"
538,Peshawar,"[""Sports"", ""Education""]"
539,Peshawar,"[""Art""]"
540,Peshawar,"[""Sports"", ""Food And Drink""]"
541,Islamabad,"[""Other"", ""Art"", ""Education""]"
542,Faisalabad,"[""Other"", ""Education"", ""Festival""]"
543,Quetta,"[""Education"", ""Art"", ""Food And Drink""]"
544,Islamabad,"[""Art""]"
545,Islamabad,"[""Music"", ""Food And Drink"", ""Education""]"
546,Peshawar,"[""Other"", ""Festival"", ""Music""]"
547,Quetta,"[""Art"", ""Festival""]"
548,Peshawar,"[""Education"", ""Sports"", ""Music""]"
549,Multan,"[""Sports"", ""Education""]"
550,Quetta,"[""Education"", ""Food And Drink"", ""Sports""]"
551,Multan,"[""Sports"", ""Music"", ""Education""]"
552,Lahore,"[""Sports""]"
553,Karachi,"[""Art"", ""Food And Drink""]"
554,Faisalabad,"[""Festival"", ""Sports""]"
555,Quetta,"[""Other"", ""Education"", ""Food And Drink""]"
556,Peshawar,"[""Festival"", ""Music"", ""Sports""]"
557,Islamabad,"[""Education""]"
558,Islamabad,"[""Food And Drink"", ""Education"", ""Other""]"
559,Peshawar,"[""Food And Drink""]"
560,Multan,"[""Education"", ""Art""]"
561,Peshawar,"[""Festival"", ""Other"", ""Art""]"
562,Islamabad,"[""Sports"", ""Other""]"
563,Quetta,"[""Art"", ""Sports"", ""Other""]"
564,Multan,"[""Festival"", ""Sports""]"
565,Islamabad,"[""Food And Drink"", ""Art"", ""Other""]"
566,Islamabad,"[""Other"", ""Festival"", ""Art""]"
567,Multan,"[""Education""]"
568,Quetta,"[""Food And Drink"", ""Other"", ""Art""]"
569,Lahore,"[""Art""]"
570,Islamabad,"[""Festival"", ""Music""]"
571,Multan,"[""Festival"", ""Art""]"
572,Quetta,"[""Sports"", ""Other""]"
573,Karachi,"[""Art"", ""Education"", ""Other""]"
574,Multan,"[""Education""]"
575,Multan,"[""Sports"", ""Other"", ""Music""]"
576,Lahore,"[""Sports"", ""Festival"", ""Other""]"
577,Islamabad,"[""Food And Drink""]"
578,Lahore,"[""Food And Drink"", ""Music"", ""Sports""]"
579,Faisalabad,"[""Sports"", ""Food And Drink"", ""Festival""]"
580,Islamabad,"[""Sports"", ""Art"", ""Festival""]"
581,Karachi,"[""Music"", ""Other"", ""Education""]"
582,Karachi,"[""Festival"", ""Other"", ""Music""]"
583,Lahore,"[""Other"", ""Sports""]"
584,Karachi,"[""Other"", ""Food And Drink""]"
585,Lahore,"[""Other"", ""Art"", ""Music""]"
586,Lahore,"[""Education"", ""Other""]"
587,Multan,"[""Art"", ""Food And Drink""]"
588,Quetta,"[""Education"", ""Food And Drink"", ""Sports""]"
589,Quetta,"[""Food And Drink"", ""Art"", ""Sports""]"
590,Karachi,"[""Art""]"
591,Multan,"[""Food And Drink"", ""Festival"", ""Art""]"
592,Multan,"[""Music""]"
593,Peshawar,"[""Other"", ""Art""]"
594,Peshawar,"[""Other"", ""Sports"", ""Festival""]"
595,Islamabad,"[""Food And Drink"", ""Other"", ""Education""]"
596,Multan,"[""Food And Drink""]"
597,Karachi,"[""Sports""]"
598,Lahore,"[""Art"", ""Sports""]"
599,Faisalabad,"[""Food And Drink"", ""Sports""]"
600,Peshawar,"[""Art"", ""Other""]"
601,Multan,"[""Education"", ""Music"", ""Art""]"
602,Lahore,"[""Festival"", ""Sports""]"
603,Karachi,"[""Music"", ""Food And Drink"", ""Art""]"
604,Multan,"[""Festival"", ""Education""]"
605,Multan,"[""Festival"", ""Music""]"
606,Karachi,"[""Art"", ""Education""]"
607,Faisalabad,"[""Sports""]"
608,Multan,"[""Food And Drink""]"
609,Faisalabad,"[""Art"", ""Food And Drink"", ""Education""]"
610,Quetta,"[""Other"", ""Festival"", ""Sports""]"
611,Quetta,"[""Festival""]"
612,Faisalabad,"[""Other"", ""Music"", ""Education""]"
613,Peshawar,"[""Festival"", ""Art"", ""Music""]"
614,Quetta,"[""Music""]"
615,Peshawar,"[""Education"", ""Sports"", ""Other""]"
616,Islamabad,"[""Sports""]"
617,Multan,"[""Food And Drink"", ""Music"", ""Sports""]"
618,Faisalabad,"[""Food And Drink"", ""Music"", ""Education""]"
619,Karachi,"[""Food And Drink""]"
620,Lahore,"[""Food And Drink"", ""Other"", ""Education""]"
621,Multan,"[""Food And Drink"", ""Festival"", ""Art""]"
622,Islamabad,"[""Food And Drink""]"
623,Karachi,"[""Festival""]"
624,Islamabad,"[""Music"", ""Other"", ""Food And Drink""]"
625,Lahore,"[""Music"", ""Education"", ""Other""]"
626,Faisalabad,"[""Music"", ""Art""]"
627,Karachi,"[""Other""]"
628,Islamabad,"[""Festival"", ""Other"", ""Food And Drink""]"
629,Faisalabad,"[""Food And Drink"", ""Other""]"
630,Multan,"[""Festival""]"
631,Lahore,"[""Sports"", ""Festival"", ""Art""]"
632,Faisalabad,"[""Education""]"
633,Quetta,"[""Sports"", ""Festival"", ""Other""]"
634,Lahore,"[""Other""]"
635,Multan,"[""Food And Drink"", ""Festival""]"
636,Quetta,"[""Food And Drink"", ""Education"", ""Other""]"
637,Faisalabad,"[""Sports""]"
638,Karachi,"[""Sports"", ""Art""]"
639,Quetta,"[""Other"", ""Music"", ""Festival""]"
640,Karachi,"[""Food And Drink"", ""Education"", ""Music""]"
641,Lahore,"[""Music""]"
642,Multan,"[""Music"", ""Food And Drink"", ""Education""]"
643,Multan,"[""Other"", ""Music"", ""Sports""]"
644,Faisalabad,"[""Food And Drink""]"
645,Karachi,"[""Education""]"
646,Peshawar,"[""Sports""]"
647,Peshawar,"[""Sports"", ""Festival""]"
648,Quetta,"[""Education"", ""Other""]"
649,Islamabad,"[""Other"", ""Art"", ""Sports""]"
650,Peshawar,"[""Festival""]"
651,Islamabad,"[""Food And Drink""]"
652,Peshawar,"[""Music"", ""Education""]"
653,Peshawar,"[""Sports"", ""Festival"", ""Food And Drink""]"
654,Multan,"[""Music"", ""Art""]"
655,Multan,"[""Food And Drink"", ""Education"", ""Art""]"
656,Islamabad,"[""Food And Drink"", ""Sports""]"
657,Faisalabad,"[""Sports"", ""Education""]"
658,Karachi,"[""Other""]"
659,Karachi,"[""Other"", ""Festival""]"
660,Faisalabad,"[""Music"", ""Education""]"
661,Karachi,"[""Education"", ""Other""]"
662,Karachi,"[""Sports"", ""Art""]"
663,Faisalabad,"[""Festival"", ""Music""]"
664,Multan,"[""Music"", ""Education""]"
665,Islamabad,"[""Music""]"
666,Peshawar,"[""Festival"", ""Education""]"
667,Lahore,"[""Other""]"
668,Quetta,"[""Other""]"
669,Karachi,"[""Festival"", ""Other"", ""Education""]"
670,Islamabad,"[""Sports"", ""Art""]"
671,Karachi,"[""Sports""]"
672,Karachi,"[""Music"", ""Festival"", ""Food And Drink""]"
673,Faisalabad,"[""Education"", ""Festival"", ""Sports""]"
674,Islamabad,"[""Education""]"
675,Peshawar,"[""Food And Drink"", ""Other""]"
676,Islamabad,"[""Art"", ""Other"", ""Festival""]"
677,Quetta,"[""Food And Drink"", ""Other"", ""Music""]"
678,Islamabad,"[""Food And Drink"", ""Art"", ""Sports""]"
679,Peshawar,"[""Food And Drink"", ""Music""]"
680,Karachi,"[""Festival""]"
681,Peshawar,"[""Art""]"
682,Islamabad,"[""Education"", ""Festival"", ""Food And Drink""]"
683,Islamabad,"[""Sports""]"
684,Peshawar,"[""Food And Drink""]"
685,Peshawar,"[""Food And Drink""]"
686,Quetta,"[""Festival"", ""Art"", ""Other""]"
687,Multan,"[""Festival"", ""Other""]"
688,Multan,"[""Food And Drink"", ""Sports""]"
689,Multan,"[""Sports"", ""Other""]"
690,Multan,"[""Food And Drink"", ""Sports"", ""Education""]"
691,Lahore,"[""Education""]"
692,Multan,"[""Other""]"
693,Lahore,"[""Other""]"
694,Karachi,"[""Sports"", ""Festival""]"
695,Karachi,"[""Festival""]"
696,Peshawar,"[""Sports""]"
697,Peshawar,"[""Art"", ""Music""]"
698,Multan,"[""Festival"", ""Education"", ""Food And Drink""]"
699,Peshawar,"[""Music"", ""Other""]"
700,Peshawar,"[""Food And Drink"", ""Music"", ""Festival""]"
701,Lahore,"[""Art"", ""Education"", ""Other""]"
702,Quetta,"[""Other"", ""Festival"", ""Food And Drink""]"
703,Lahore,"[""Music""]"
704,Peshawar,"[""Sports"", ""Other"", ""Festival""]"
705,Quetta,"[""Art"", ""Other"", ""Festival""]"
706,Faisalabad,"[""Music"", ""Art""]"
707,Multan,"[""Education"", ""Sports""]"
708,Multan,"[""Art""]"
709,Quetta,"[""Festival""]"
710,Faisalabad,"[""Other"", ""Music"", ""Festival""]"
711,Faisalabad,"[""Food And Drink"", ""Education""]"
712,Lahore,"[""Festival""]"
713,Quetta,"[""Sports"", ""Music"", ""Food And Drink""]"
714,Peshawar,"[""Festival"", ""Art""]"
715,Lahore,"[""Education""]"
716,Quetta,"[""Sports""]"
717,Lahore,"[""Education"", ""Food And Drink"", ""Art""]"
718,Islamabad,"[""Festival""]"
719,Karachi,"[""Education"", ""Festival"", ""Music""]"
720,Peshawar,"[""Music"", ""Sports""]"
721,Quetta,"[""Other""]"
722,Islamabad,"[""Other"", ""Food And Drink"", ""Music""]"
723,Karachi,"[""Education""]"
724,Islamabad,"[""Other"", ""Food And Drink"", ""Education""]"
725,Karachi,"[""Other"", ""Festival""]"
726,Multan,"[""Festival"", ""Music"", ""Education""]"
727,Faisalabad,"[""Music"", ""Other""]"
728,Lahore,"[""Other""]"
729,Peshawar,"[""Education"", ""Other""]"
730,Lahore,"[""Other"", ""Art""]"
731,Karachi,"[""Art"", ""Food And Drink"", ""Festival""]"
732,Faisalabad,"[""Education"", ""Food And Drink""]"
733,Peshawar,"[""Festival""]"
734,Islamabad,"[""Food And Drink"", ""Music"", ""Education""]"
735,Lahore,"[""Festival""]"
736,Karachi,"[""Art""]"
737,Karachi,"[""Festival"", ""Other""]"
738,Lahore,"[""Food And Drink"", ""Art"", ""Festival""]"
739,Islamabad,"[""Music""]"
740,Lahore,"[""Art"", ""Other""]"
741,Karachi,"[""Music""]"
742,Peshawar,"[""Food And Drink"", ""Education""]"
743,Lahore,"[""Food And Drink"", ""Music"", ""Festival""]"
744,Peshawar,"[""Education"", ""Music""]"
745,Lahore,"[""Other"", ""Art"", ""Food And Drink""]"
746,Quetta,"[""Food And Drink"", ""Other""]"
747,Peshawar,"[""Festival""]"
748,Peshawar,"[""Education""]"
749,Faisalabad,"[""Festival""]"
750,Islamabad,"[""Sports""]"
751,Karachi,"[""Art"", ""Food And Drink""]"
752,Faisalabad,"[""Sports""]"
753,Faisalabad,"[""Food And Drink"", ""Art""]"
754,Islamabad,"[""Art""]"
755,Multan,"[""Festival""]"
756,Karachi,"[""Education"", ""Other""]"
757,Islamabad,"[""Music"", ""Sports""]"
758,Islamabad,"[""Food And Drink""]"
759,Islamabad,"[""Food And Drink"", ""Art"", ""Other""]"
760,Peshawar,"[""Other"", ""Festival""]"
761,Islamabad,"[""Art""]"
762,Islamabad,"[""Festival"", ""Sports"", ""Food And Drink""]"
763,Islamabad,"[""Food And Drink""]"
764,Multan,"[""Festival"", ""Other""]"
765,Islamabad,"[""Education"", ""Sports""]"
766,Islamabad,"[""Art"", ""Food And Drink""]"
767,Karachi,"[""Education""]"
768,Lahore,"[""Education"", ""Sports"", ""Other""]"
769,Faisalabad,"[""Food And Drink"", ""Festival"", ""Sports""]"
770,Lahore,"[""Other"", ""Festival""]"
771,Karachi,"[""Festival"", ""Food And Drink""]"
772,Multan,"[""Art"", ""Sports"", ""Other""]"
773,Faisalabad,"[""Festival""]"
774,Peshawar,"[""Music"", ""Food And Drink""]"
775,Peshawar,"[""Education"", ""Food And Drink""]"
776,Peshawar,"[""Other"", ""Festival"", ""Food And Drink""]"
777,Islamabad,"[""Other""]"
778,Multan,"[""Other"", ""Education"", ""Festival""]"
779,Quetta,"[""Music""]"
780,Multan,"[""Festival""]"
781,Peshawar,"[""Sports"", ""Festival""]"
782,Multan,"[""Education""]"
783,Quetta,"[""Festival"", ""Food And Drink"", ""Art""]"
784,Lahore,"[""Music"", ""Other""]"
785,Multan,"[""Sports"", ""Education""]"
786,Karachi,"[""Education"", ""Other"", ""Festival""]"
787,Faisalabad,"[""Art"", ""Food And Drink""]"
788,Karachi,"[""Education"", ""Festival"", ""Other""]"
789,Lahore,"[""Music"", ""Food And Drink""]"
790,Lahore,"[""Food And Drink"", ""Music""]"
791,Islamabad,"[""Sports"", ""Art"", ""Festival""]"
792,Peshawar,"[""Other"", ""Sports""]"
793,Lahore,"[""Art"", ""Food And Drink""]"
794,Faisalabad,"[""Festival"", ""Other""]"
795,Lahore,"[""Music"", ""Art""]"
796,Multan,"[""Music"", ""Other"", ""Art""]"
797,Quetta,"[""Festival""]"
798,Karachi,"[""Festival""]"
799,Islamabad,"[""Sports"", ""Education"", ""Other""]"
800,Quetta,"[""Food And Drink"", ""Other"", ""Sports""]"
801,Karachi,"[""Festival"", ""Sports""]"
802,Lahore,"[""Festival"", ""Food And Drink"", ""Other""]"
803,Peshawar,"[""Education"", ""Sports"", ""Food And Drink""]"
804,Multan,"[""Food And Drink"", ""Music""]"
805,Islamabad,"[""Sports""]"
806,Lahore,"[""Other"", ""Music"", ""Education""]"
807,Karachi,"[""Sports"", ""Art"", ""Festival""]"
808,Multan,"[""Music"", ""Art""]"
809,Islamabad,"[""Education"", ""Festival""]"
810,Peshawar,"[""Food And Drink"", ""Education"", ""Other""]"
811,Islamabad,"[""Art""]"
812,Quetta,"[""Education"", ""Sports""]"
813,Peshawar,"[""Festival"", ""Art"", ""Education""]"
814,Karachi,"[""Festival""]"
815,Islamabad,"[""Music"", ""Sports""]"
816,Islamabad,"[""Sports""]"
817,Faisalabad,"[""Sports"", ""Education"", ""Food And Drink""]"
818,Faisalabad,"[""Sports"", ""Education"", ""Food And Drink""]"
819,Multan,"[""Food And Drink""]"
820,Peshawar,"[""Festival"", ""Other"", ""Sports""]"
821,Islamabad,"[""Food And Drink""]"
822,Islamabad,"[""Sports""]"
823,Quetta,"[""Education"", ""Music""]"
824,Karachi,"[""Music"", ""Food And Drink""]"
825,Faisalabad,"[""Other""]"
826,Faisalabad,"[""Education"", ""Festival"", ""Food And Drink""]"
827,Faisalabad,"[""Food And Drink"", ""Other"", ""Festival""]"
828,Peshawar,"[""Music""]"
829,Quetta,"[""Other""]"
830,Lahore,"[""Art""]"
831,Islamabad,"[""Sports"", ""Education""]"
832,Faisalabad,"[""Other""]"
833,Peshawar,"[""Festival"", ""Food And Drink"", ""Education""]"
834,Lahore,"[""Education""]"
835,Quetta,"[""Other"", ""Education""]"
836,Quetta,"[""Education"", ""Music""]"
837,Faisalabad,"[""Food And Drink"", ""Education"", ""Sports""]"
838,Quetta,"[""Festival""]"
839,Quetta,"[""Other"", ""Sports"", ""Art""]"
840,Islamabad,"[""Food And Drink""]"
841,Faisalabad,"[""Other"", ""Music""]"
842,Quetta,"[""Other""]"
843,Quetta,"[""Sports""]"
844,Quetta,"[""Education"", ""Festival"", ""Art""]"
845,Karachi,"[""Education"", ""Festival"", ""Food And Drink""]"
846,Quetta,"[""Sports"", ""Other"", ""Festival""]"
847,Islamabad,"[""Education""]"
848,Karachi,"[""Art"", ""Education"", ""Festival""]"
849,Islamabad,"[""Festival"", ""Art""]"
850,Karachi,"[""Art"", ""Education"", ""Music""]"
851,Quetta,"[""Music"", ""Art""]"
852,Karachi,"[""Sports"", ""Festival"", ""Other""]"
853,Islamabad,"[""Festival""]"
854,Quetta,"[""Other""]"
855,Peshawar,"[""Food And Drink"", ""Other"", ""Sports""]"
856,Faisalabad,"[""Art"", ""Festival"", ""Food And Drink""]"
857,Quetta,"[""Music"", ""Festival""]"
858,Peshawar,"[""Food And Drink""]"
859,Faisalabad,"[""Art"", ""Festival"", ""Other""]"
860,Lahore,"[""Art"", ""Education""]"
861,Multan,"[""Music"", ""Festival"", ""Food And Drink""]"
862,Quetta,"[""Festival"", ""Art"", ""Music""]"
863,Quetta,"[""Food And Drink"", ""Sports"", ""Other""]"
864,Islamabad,"[""Food And Drink""]"
865,Islamabad,"[""Other"", ""Art""]"
866,Quetta,"[""Education"", ""Sports"", ""Other""]"
867,Multan,"[""Other"", ""Art""]"
868,Lahore,"[""Music""]"
869,Lahore,"[""Other"", ""Food And Drink"", ""Music""]"
870,Faisalabad,"[""Food And Drink""]"
871,Karachi,"[""Food And Drink""]"
872,Karachi,"[""Sports"", ""Festival"", ""Art""]"
873,Islamabad,"[""Music"", ""Festival""]"
874,Multan,"[""Music"", ""Art""]"
875,Multan,"[""Sports"", ""Music"", ""Food And Drink""]"
876,Quetta,"[""Festival"", ""Other""]"
877,Multan,"[""Food And Drink""]"
878,Lahore,"[""Festival""]"
879,Faisalabad,"[""Sports""]"
880,Peshawar,"[""Sports""]"
881,Multan,"[""Education""]"
882,Multan,"[""Music"", ""Other""]"
883,Quetta,"[""Other"", ""Music""]"
884,Faisalabad,"[""Festival"", ""Sports""]"
885,Faisalabad,"[""Sports""]"
886,Quetta,"[""Festival""]"
887,Islamabad,"[""Music""]"
888,Faisalabad,"[""Art"", ""Sports""]"
889,Multan,"[""Festival""]"
890,Peshawar,"[""Music""]"
891,Faisalabad,"[""Music"", ""Education"", ""Sports""]"
892,Multan,"[""Festival"", ""Sports""]"
893,Multan,"[""Sports"", ""Food And Drink"", ""Education""]"
894,Lahore,"[""Other"", ""Sports""]"
895,Quetta,"[""Sports""]"
896,Multan,"[""Education""]"
897,Islamabad,"[""Art"", ""Food And Drink""]"
898,Islamabad,"[""Sports""]"
899,Peshawar,"[""Music"", ""Sports"", ""Education""]"
900,Quetta,"[""Festival"", ""Education"", ""Art""]"
901,Karachi,"[""Music"", ""Festival"", ""Art""]"
902,Multan,"[""Education"", ""Other"", ""Sports""]"
903,Lahore,"[""Art"", ""Festival""]"
904,Faisalabad,"[""Food And Drink""]"
905,Faisalabad,"[""Sports""]"
906,Lahore,"[""Education"", ""Music"", ""Other""]"
907,Faisalabad,"[""Art"", ""Sports""]"
908,Multan,"[""Food And Drink"", ""Art"", ""Education""]"
909,Faisalabad,"[""Other""]"
910,Peshawar,"[""Music""]"
911,Islamabad,"[""Music""]"
912,Lahore,"[""Music""]"
913,Multan,"[""Education"", ""Art""]"
914,Multan,"[""Education"", ""Food And Drink"", ""Festival""]"
915,Peshawar,"[""Music"", ""Festival""]"
916,Lahore,"[""Education"", ""Sports"", ""Art""]"
917,Karachi,"[""Music"", ""Education""]"
918,Islamabad,"[""Education""]"
919,Quetta,"[""Education"", ""Festival""]"
920,Islamabad,"[""Festival"", ""Other"", ""Music""]"
921,Lahore,"[""Food And Drink"", ""Festival"", ""Sports""]"
922,Faisalabad,"[""Music""]"
923,Peshawar,"[""Food And Drink""]"
924,Lahore,"[""Music"", ""Art"", ""Sports""]"
925,Karachi,"[""Festival""]"
926,Islamabad,"[""Music"", ""Sports"", ""Food And Drink""]"
927,Karachi,"[""Education"", ""Festival"", ""Art""]"
928,Quetta,"[""Sports"", ""Festival""]"
929,Quetta,"[""Festival"", ""Music""]"
930,Quetta,"[""Art""]"
931,Lahore,"[""Art"", ""Education""]"
932,Multan,"[""Festival"", ""Education""]"
933,Faisalabad,"[""Food And Drink""]"
934,Quetta,"[""Art"", ""Music"", ""Food And Drink""]"
935,Islamabad,"[""Sports"", ""Art"", ""Other""]"
936,Multan,"[""Education""]"
937,Lahore,"[""Music"", ""Sports"", ""Education""]"
938,Quetta,"[""Other""]"
939,Lahore,"[""Sports""]"
940,Karachi,"[""Art"", ""Food And Drink""]"
941,Lahore,"[""Other""]"
942,Karachi,"[""Other"", ""Festival"", ""Food And Drink""]"
943,Multan,"[""Sports"", ""Food And Drink""]"
944,Peshawar,"[""Art"", ""Music""]"
945,Multan,"[""Music"", ""Education""]"
946,Karachi,"[""Sports""]"
947,Faisalabad,"[""Music"", ""Food And Drink"", ""Other""]"
948,Islamabad,"[""Other"", ""Art""]"
949,Faisalabad,"[""Education""]"
950,Karachi,"[""Art""]"
951,Multan,"[""Education"", ""Art""]"
952,Peshawar,"[""Sports"", ""Food And Drink"", ""Art""]"
953,Multan,"[""Other"", ""Sports""]"
954,Lahore,"[""Other"", ""Sports"", ""Festival""]"
955,Peshawar,"[""Music"", ""Sports""]"
956,Lahore,"[""Festival"", ""Other""]"
957,Faisalabad,"[""Music"", ""Festival""]"
958,Karachi,"[""Festival"", ""Art"", ""Music""]"
959,Lahore,"[""Sports"", ""Food And Drink"", ""Festival""]"
960,Islamabad,"[""Festival""]"
961,Karachi,"[""Music""]"
962,Faisalabad,"[""Food And Drink"", ""Festival"", ""Art""]"
963,Peshawar,"[""Music"", ""Education"", ""Other""]"
964,Quetta,"[""Festival""]"
965,Peshawar,"[""Music"", ""Education""]"
966,Multan,"[""Food And Drink""]"
967,Islamabad,"[""Sports""]"
968,Quetta,"[""Other"", ""Art""]"
969,Islamabad,"[""Festival"", ""Other""]"
970,Karachi,"[""Food And Drink"", ""Art""]"
971,Karachi,"[""Sports""]"
972,Karachi,"[""Music"", ""Sports"", ""Other""]"
973,Faisalabad,"[""Food And Drink"", ""Art""]"
974,Islamabad,"[""Education""]"
975,Islamabad,"[""Food And Drink""]"
976,Lahore,"[""Art"", ""Music""]"
977,Multan,"[""Other""]"
978,Multan,"[""Other"", ""Festival""]"
979,Karachi,"[""Music"", ""Sports"", ""Art""]"
980,Karachi,"[""Festival""]"
981,Lahore,"[""Food And Drink"", ""Education""]"
982,Lahore,"[""Art"", ""Other"", ""Sports""]"
983,Peshawar,"[""Other"", ""Food And Drink""]"
984,Faisalabad,"[""Education"", ""Sports"", ""Music""]"
985,Quetta,"[""Other""]"
986,Lahore,"[""Music""]"
987,Quetta,"[""Other""]"
988,Karachi,"[""Sports""]"
989,Multan,"[""Art"", ""Festival""]"
990,Islamabad,"[""Music"", ""Education"", ""Festival""]"
991,Lahore,"[""Music""]"
992,Faisalabad,"[""Festival""]"
993,Quetta,"[""Music""]"
994,Faisalabad,"[""Music"", ""Other""]"
995,Peshawar,"[""Sports""]"
996,Faisalabad,"[""Other"", ""Festival""]"
997,Multan,"[""Music"", ""Food And Drink""]"
998,Karachi,"[""Sports"", ""Art""]"
999,Islamabad,"[""Art""]"
1000,Peshawar,"[""Sports"", ""Music""]"
1001,Faisalabad,"[""Education"", ""Sports"", ""Art""]"
1002,Lahore,"[""Education"", ""Food And Drink""]"
1003,Faisalabad,"[""Art""]"
1004,Karachi,"[""Food And Drink""]"
1005,Multan,"[""Other"", ""Education"", ""Sports""]"
1006,Quetta,"[""Other"", ""Music"", ""Food And Drink""]"
1007,Quetta,"[""Art"", ""Food And Drink"", ""Education""]"
1008,Peshawar,"[""Art"", ""Education""]"
1009,Karachi,"[""Food And Drink"", ""Art""]"
1010,Peshawar,"[""Art""]"
1011,Quetta,"[""Music""]"
1012,Peshawar,"[""Music"", ""Food And Drink""]"
1013,Karachi,"[""Other"", ""Education""]"
1014,Karachi,"[""Music""]"
1015,Quetta,"[""Sports"", ""Art"", ""Education""]"
1016,Quetta,"[""Music"", ""Sports"", ""Education""]"
1017,Karachi,"[""Art"", ""Sports""]"
1018,Islamabad,"[""Education""]"
1019,Lahore,"[""Festival"", ""Art"", ""Education""]"
1020,Peshawar,"[""Festival"", ""Art"", ""Education""]"
1021,Karachi,"[""Education""]"
1022,Karachi,"[""Education"", ""Art""]"
1023,Lahore,"[""Music"", ""Other""]"
1024,Karachi,"[""Education""]"
1025,Faisalabad,"[""Education""]"
1026,Peshawar,"[""Art""]"
1027,Karachi,"[""Other""]"
1028,Quetta,"[""Festival"", ""Sports""]"
1029,Karachi,"[""Music"", ""Other""]"
1030,Quetta,"[""Festival"", ""Sports"", ""Music""]"
1031,Islamabad,"[""Other"", ""Art"", ""Music""]"
1032,Lahore,"[""Festival"", ""Food And Drink"", ""Education""]"
1033,Karachi,"[""Art"", ""Other""]"
1034,Faisalabad,"[""Festival""]"
1035,Karachi,"[""Food And Drink"", ""Festival"", ""Art""]"
1036,Quetta,"[""Education"", ""Festival"", ""Other""]"
1037,Peshawar,"[""Sports"", ""Festival""]"
1038,Islamabad,"[""Food And Drink""]"
1039,Karachi,"[""Festival"", ""Art"", ""Sports""]"
1040,Faisalabad,"[""Music"", ""Festival"", ""Education""]"
1041,Islamabad,"[""Music"", ""Sports"", ""Education""]"
1042,Lahore,"[""Sports"", ""Festival"", ""Education""]"
1043,Multan,"[""Sports"", ""Art""]"
1044,Islamabad,"[""Sports""]"
1045,Lahore,"[""Sports"", ""Festival""]"
1046,Faisalabad,"[""Festival"", ""Other"", ""Art""]"
1047,Karachi,"[""Art""]"
1048,Lahore,"[""Festival""]"
1049,Multan,"[""Art"", ""Music""]"
1050,Faisalabad,"[""Music""]"
1051,Karachi,"[""Festival"", ""Food And Drink""]"
1052,Islamabad,"[""Food And Drink"", ""Other""]"
1053,Quetta,"[""Food And Drink"", ""Music"", ""Other""]"
1054,Karachi,"[""Festival"", ""Other"", ""Sports""]"
1055,Islamabad,"[""Music"", ""Other""]"
1056,Islamabad,"[""Art""]"
1057,Islamabad,"[""Music""]"
1058,Karachi,"[""Food And Drink""]"
1059,Islamabad,"[""Music"", ""Education"", ""Other""]"
1060,Faisalabad,"[""Education"", ""Food And Drink"", ""Music""]"
1061,Karachi,"[""Sports"", ""Education"", ""Food And Drink""]"
1062,Islamabad,"[""Music""]"
1063,Faisalabad,"[""Sports""]"
1064,Islamabad,"[""Education"", ""Festival"", ""Other""]"
1065,Lahore,"[""Art"", ""Other"", ""Sports""]"
1066,Peshawar,"[""Food And Drink""]"
1067,Lahore,"[""Other"", ""Food And Drink"", ""Sports""]"
1068,Lahore,"[""Music"", ""Food And Drink""]"
1069,Multan,"[""Other"", ""Festival""]"
1070,Lahore,"[""Food And Drink"", ""Sports"", ""Music""]"
1071,Multan,"[""Sports""]"
1072,Quetta,"[""Music"", ""Food And Drink""]"
1073,Quetta,"[""Art""]"
1074,Multan,"[""Food And Drink"", ""Other""]"
1075,Peshawar,"[""Music"", ""Festival""]"
1076,Faisalabad,"[""Sports"", ""Art""]"
1077,Lahore,"[""Sports"", ""Food And Drink""]"
1078,Islamabad,"[""Food And Drink"", ""Other""]"
1079,Islamabad,"[""Other""]"
1080,Lahore,"[""Music"", ""Sports"", ""Other""]"
1081,Quetta,"[""Art"", ""Education"", ""Food And Drink""]"
1082,Quetta,"[""Sports"", ""Education"", ""Music""]"
1083,Faisalabad,"[""Other"", ""Education""]"
1084,Karachi,"[""Festival"", ""Food And Drink"", ""Education""]"
1085,Faisalabad,"[""Art"", ""Music""]"
1086,Peshawar,"[""Music"", ""Education"", ""Festival""]"
1087,Lahore,"[""Festival"", ""Education"", ""Sports""]"
1088,Karachi,"[""Sports"", ""Other""]"
1089,Lahore,"[""Sports""]"
1090,Faisalabad,"[""Music"", ""Festival""]"
1091,Multan,"[""Other""]"
1092,Peshawar,"[""Other""]"
1093,Quetta,"[""Art"", ""Festival""]"
1094,Faisalabad,"[""Music""]"
1095,Quetta,"[""Food And Drink"", ""Education"", ""Art""]"
1096,Quetta,"[""Education"", ""Food And Drink""]"
1097,Multan,"[""Other""]"
1098,Lahore,"[""Education"", ""Other"", ""Food And Drink""]"
1099,Peshawar,"[""Sports"", ""Other""]"
1100,Peshawar,"[""Education"", ""Music"", ""Festival""]"
1101,Islamabad,"[""Other""]"
1102,Faisalabad,"[""Art"", ""Food And Drink"", ""Other""]"
1103,Faisalabad,"[""Food And Drink"", ""Education"", ""Festival""]"
1104,Islamabad,"[""Sports""]"
1105,Peshawar,"[""Sports"", ""Education""]"
1106,Faisalabad,"[""Festival"", ""Food And Drink"", ""Music""]"
1107,Lahore,"[""Festival"", ""Sports""]"
1108,Lahore,"[""Food And Drink"", ""Art"", ""Festival""]"
1109,Islamabad,"[""Other"", ""Art""]"
1110,Quetta,"[""Other"", ""Food And Drink""]"
1111,Karachi,"[""Festival"", ""Music"", ""Sports""]"
1112,Quetta,"[""Festival"", ""Food And Drink""]"
1113,Faisalabad,"[""Art"", ""Festival""]"
1114,Faisalabad,"[""Festival"", ""Music"", ""Sports""]"
1115,Faisalabad,"[""Other""]"
1116,Quetta,"[""Food And Drink"", ""Education"", ""Art""]"
1117,Quetta,"[""Education""]"
1118,Islamabad,"[""Music""]"
1119,Quetta,"[""Education"", ""Food And Drink"", ""Sports""]"
1120,Karachi,"[""Education"", ""Music"", ""Sports""]"
1121,Lahore,"[""Other""]"
1122,Faisalabad,"[""Music""]"
1123,Multan,"[""Art""]"
1124,Islamabad,"[""Art""]"
1125,Multan,"[""Education"", ""Food And Drink""]"
1126,Lahore,"[""Festival""]"
1127,Faisalabad,"[""Art""]"
1128,Peshawar,"[""Food And Drink"", ""Sports"", ""Other""]"
1129,Quetta,"[""Art"", ""Other"", ""Sports""]"
1130,Lahore,"[""Festival"", ""Other""]"
1131,Lahore,"[""Music"", ""Food And Drink""]"
1132,Peshawar,"[""Other""]"
1133,Karachi,"[""Other""]"
1134,Islamabad,"[""Sports"", ""Festival"", ""Other""]"
1135,Quetta,"[""Food And Drink"", ""Education"", ""Music""]"
1136,Multan,"[""Music"", ""Food And Drink"", ""Sports""]"
1137,Quetta,"[""Education""]"
1138,Islamabad,"[""Sports""]"
1139,Faisalabad,"[""Other"", ""Art"", ""Festival""]"
1140,Faisalabad,"[""Other"", ""Art""]"
1141,Islamabad,"[""Sports"", ""Food And Drink""]"
1142,Peshawar,"[""Education"", ""Other"", ""Food And Drink""]"
1143,Peshawar,"[""Music""]"
1144,Multan,"[""Other"", ""Art"", ""Education""]"
1145,Multan,"[""Education"", ""Art"", ""Festival""]"
1146,Lahore,"[""Food And Drink""]"
1147,Islamabad,"[""Art"", ""Festival""]"
1148,Multan,"[""Art"", ""Festival""]"
1149,Peshawar,"[""Art"", ""Sports"", ""Festival""]"
1150,Quetta,"[""Music""]"
1151,Multan,"[""Food And Drink"", ""Festival"", ""Art""]"
1152,Lahore,"[""Festival""]"
1153,Faisalabad,"[""Food And Drink"", ""Art"", ""Festival""]"
1154,Lahore,"[""Food And Drink"", ""Festival""]"
1155,Islamabad,"[""Festival"", ""Education"", ""Sports""]"
1156,Multan,"[""Festival"", ""Sports"", ""Education""]"
1157,Peshawar,"[""Festival"", ""Art""]"
1158,Quetta,"[""Other"", ""Sports""]"
1159,Lahore,"[""Education"", ""Sports"", ""Art""]"
1160,Islamabad,"[""Sports"", ""Festival""]"
1161,Multan,"[""Other"", ""Education"", ""Sports""]"
1162,Karachi,"[""Festival"", ""Music""]"
1163,Quetta,"[""Sports"", ""Festival""]"
1164,Islamabad,"[""Food And Drink"", ""Art""]"
1165,Faisalabad,"[""Education"", ""Art""]"
1166,Lahore,"[""Food And Drink""]"
1167,Lahore,"[""Education"", ""Other"", ""Festival""]"
1168,Lahore,"[""Sports"", ""Education""]"
1169,Faisalabad,"[""Food And Drink"", ""Education"", ""Art""]"
1170,Quetta,"[""Other""]"
1171,Karachi,"[""Sports""]"
1172,Faisalabad,"[""Food And Drink"", ""Education""]"
1173,Quetta,"[""Art""]"
1174,Islamabad,"[""Sports"", ""Music"", ""Food And Drink""]"
1175,Lahore,"[""Sports"", ""Art"", ""Music""]"
1176,Quetta,"[""Art"", ""Sports""]"
1177,Quetta,"[""Education""]"
1178,Quetta,"[""Food And Drink""]"
1179,Peshawar,"[""Sports""]"
1180,Faisalabad,"[""Festival"", ""Food And Drink""]"
1181,Lahore,"[""Food And Drink"", ""Other""]"
1182,Karachi,"[""Education""]"
1183,Quetta,"[""Art"", ""Music"", ""Other""]"
1184,Multan,"[""Sports"", ""Music"", ""Festival""]"
1185,Islamabad,"[""Sports"", ""Other"", ""Art""]"
1186,Faisalabad,"[""Music""]"
1187,Lahore,"[""Education"", ""Art"", ""Sports""]"
1188,Islamabad,"[""Art""]"
1189,Peshawar,"[""Festival"", ""Education""]"
1190,Islamabad,"[""Art"", ""Food And Drink"", ""Sports""]"
1191,Karachi,"[""Art"", ""Sports""]"
1192,Karachi,"[""Music"", ""Sports""]"
1193,Peshawar,"[""Sports"", ""Other"", ""Music""]"
1194,Multan,"[""Sports"", ""Music"", ""Art""]"
1195,Multan,"[""Other"", ""Music"", ""Food And Drink""]"
1196,Peshawar,"[""Other"", ""Education""]"
1197,Lahore,"[""Education""]"
1198,Lahore,"[""Music"", ""Festival"", ""Other""]"
1199,Faisalabad,"[""Music"", ""Food And Drink"", ""Festival""]"
1200,Islamabad,"[""Education""]"
1201,Karachi,"[""Festival"", ""Sports""]"
1202,Islamabad,"[""Festival"", ""Other"", ""Music""]"
1203,Multan,"[""Festival"", ""Music""]"
1204,Multan,"[""Art"", ""Education"", ""Festival""]"
1205,Quetta,"[""Food And Drink""]"
1206,Multan,"[""Education""]"
1207,Quetta,"[""Music"", ""Art"", ""Other""]"
1208,Karachi,"[""Food And Drink""]"
1209,Karachi,"[""Sports"", ""Art"", ""Education""]"
1210,Islamabad,"[""Festival"", ""Food And Drink""]"
1211,Peshawar,"[""Music""]"
1212,Faisalabad,"[""Sports"", ""Festival""]"
1213,Lahore,"[""Sports"", ""Music""]"
1214,Multan,"[""Music"", ""Other"", ""Education""]"
1215,Quetta,"[""Sports"", ""Music""]"
1216,Islamabad,"[""Music"", ""Festival"", ""Other""]"
1217,Islamabad,"[""Sports"", ""Food And Drink"", ""Art""]"
1218,Quetta,"[""Music"", ""Other""]"
1219,Lahore,"[""Other""]"
1220,Islamabad,"[""Art"", ""Festival""]"
1221,Lahore,"[""Festival"", ""Music""]"
1222,Quetta,"[""Music""]"
1223,Multan,"[""Festival""]"
1224,Islamabad,"[""Art""]"
1225,Multan,"[""Education"", ""Art""]"
1226,Quetta,"[""Art""]"
1227,Faisalabad,"[""Sports"", ""Music""]"
1228,Quetta,"[""Food And Drink"", ""Art""]"
1229,Quetta,"[""Festival"", ""Food And Drink""]"
1230,Lahore,"[""Festival"", ""Sports""]"
1231,Multan,"[""Festival""]"
1232,Karachi,"[""Other""]"
1233,Peshawar,"[""Food And Drink""]"
1234,Multan,"[""Other"", ""Education""]"
1235,Faisalabad,"[""Sports"", ""Education""]"
1236,Quetta,"[""Education"", ""Music""]"
1237,Faisalabad,"[""Other"", ""Festival"", ""Sports""]"
1238,Faisalabad,"[""Music"", ""Food And Drink""]"
1239,Islamabad,"[""Music""]"
1240,Quetta,"[""Art"", ""Music"", ""Education""]"
1241,Karachi,"[""Education"", ""Festival"", ""Other""]"
1242,Peshawar,"[""Other"", ""Art"", ""Education""]"
1243,Faisalabad,"[""Festival"", ""Education"", ""Music""]"
1244,Islamabad,"[""Festival"", ""Sports"", ""Food And Drink""]"
1245,Karachi,"[""Festival"", ""Other"", ""Food And Drink""]"
1246,Multan,"[""Education"", ""Music"", ""Festival""]"
1247,Quetta,"[""Education""]"
1248,Quetta,"[""Other"", ""Food And Drink""]"
1249,Quetta,"[""Music""]"
1250,Islamabad,"[""Art"", ""Sports""]"
1251,Karachi,"[""Music"", ""Education""]"
1252,Quetta,"[""Festival"", ""Food And Drink"", ""Other""]"
1253,Faisalabad,"[""Music""]"
1254,Faisalabad,"[""Other"", ""Education""]"
1255,Faisalabad,"[""Other""]"
1256,Faisalabad,"[""Art"", ""Music""]"
1257,Faisalabad,"[""Festival"", ""Music"", ""Other""]"
1258,Peshawar,"[""Music"", ""Education""]"
1259,Lahore,"[""Other""]"
1260,Peshawar,"[""Education"", ""Festival"", ""Art""]"
1261,Islamabad,"[""Sports"", ""Festival"", ""Food And Drink""]"
1262,Quetta,"[""Other"", ""Music""]"
1263,Faisalabad,"[""Other""]"
1264,Peshawar,"[""Education"", ""Other""]"
1265,Islamabad,"[""Festival"", ""Other""]"
1266,Quetta,"[""Food And Drink"", ""Music"", ""Festival""]"
1267,Islamabad,"[""Sports"", ""Music"", ""Art""]"
1268,Peshawar,"[""Other"", ""Art"", ""Education""]"
1269,Lahore,"[""Festival"", ""Music""]"
1270,Karachi,"[""Food And Drink""]"
1271,Lahore,"[""Festival"", ""Other"", ""Food And Drink""]"
1272,Karachi,"[""Education"", ""Sports""]"
1273,Faisalabad,"[""Other""]"
1274,Quetta,"[""Food And Drink""]"
1275,Islamabad,"[""Festival""]"
1276,Faisalabad,"[""Other""]"
1277,Quetta,"[""Festival""]"
1278,Faisalabad,"[""Education"", ""Music"", ""Food And Drink""]"
1279,Faisalabad,"[""Education"", ""Other"", ""Sports""]"
1280,Multan,"[""Education""]"
1281,Faisalabad,"[""Education""]"
1282,Multan,"[""Food And Drink"", ""Education"", ""Sports""]"
1283,Lahore,"[""Sports"", ""Festival"", ""Other""]"
1284,Peshawar,"[""Festival"", ""Education""]"
1285,Faisalabad,"[""Education"", ""Food And Drink""]"
1286,Faisalabad,"[""Festival"", ""Sports"", ""Art""]"
1287,Quetta,"[""Art"", ""Food And Drink""]"
1288,Faisalabad,"[""Sports""]"
1289,Islamabad,"[""Festival"", ""Other"", ""Education""]"
1290,Multan,"[""Education"", ""Art"", ""Other""]"
1291,Karachi,"[""Sports""]"
1292,Multan,"[""Festival"", ""Art"", ""Other""]"
1293,Multan,"[""Festival""]"
1294,Peshawar,"[""Education""]"
1295,Quetta,"[""Festival"", ""Art"", ""Music""]"
1296,Peshawar,"[""Education"", ""Food And Drink""]"
1297,Multan,"[""Festival"", ""Other"", ""Food And Drink""]"
1298,Quetta,"[""Other"", ""Education"", ""Art""]"
1299,Peshawar,"[""Other"", ""Music""]"
1300,Faisalabad,"[""Music""]"
1301,Multan,"[""Music""]"
1302,Islamabad,"[""Sports""]"
1303,Multan,"[""Art""]"
1304,Multan,"[""Sports"", ""Music""]"
1305,Lahore,"[""Sports"", ""Education""]"
1306,Lahore,"[""Other"", ""Food And Drink""]"
1307,Quetta,"[""Other"", ""Festival"", ""Education""]"
1308,Multan,"[""Festival""]"
1309,Quetta,"[""Food And Drink"", ""Sports"", ""Education""]"
1310,Faisalabad,"[""Art"", ""Festival"", ""Music""]"
1311,Islamabad,"[""Food And Drink"", ""Festival""]"
1312,Karachi,"[""Music"", ""Other"", ""Art""]"
1313,Multan,"[""Other"", ""Food And Drink"", ""Sports""]"
1314,Quetta,"[""Festival"", ""Other"", ""Art""]"
1315,Karachi,"[""Education"", ""Festival"", ""Other""]"
1316,Karachi,"[""Sports"", ""Art"", ""Food And Drink""]"
1317,Multan,"[""Music"", ""Sports"", ""Festival""]"
1318,Faisalabad,"[""Music"", ""Food And Drink"", ""Other""]"
1319,Karachi,"[""Education"", ""Art""]"
1320,Quetta,"[""Education""]"
1321,Faisalabad,"[""Music"", ""Art""]"
1322,Islamabad,"[""Sports"", ""Music"", ""Other""]"
1323,Quetta,"[""Music"", ""Festival"", ""Education""]"
1324,Peshawar,"[""Art"", ""Food And Drink"", ""Education""]"
1325,Islamabad,"[""Music"", ""Festival""]"
1326,Lahore,"[""Sports"", ""Other"", ""Education""]"
1327,Peshawar,"[""Sports"", ""Food And Drink"", ""Education""]"
1328,Karachi,"[""Music"", ""Art""]"
1329,Islamabad,"[""Festival""]"
1330,Karachi,"[""Art"", ""Other""]"
1331,Quetta,"[""Education"", ""Food And Drink"", ""Other""]"
1332,Faisalabad,"[""Music"", ""Other"", ""Art""]"
1333,Peshawar,"[""Festival""]"
1334,Faisalabad,"[""Sports"", ""Music"", ""Art""]"
1335,Islamabad,"[""Food And Drink""]"
1336,Peshawar,"[""Festival"", ""Art"", ""Music""]"
1337,Faisalabad,"[""Education"", ""Other""]"
1338,Multan,"[""Music"", ""Art""]"
1339,Peshawar,"[""Art""]"
1340,Karachi,"[""Music""]"
1341,Karachi,"[""Education"", ""Music"", ""Festival""]"
1342,Quetta,"[""Festival"", ""Sports"", ""Food And Drink""]"
1343,Peshawar,"[""Sports""]"
1344,Multan,"[""Festival"", ""Food And Drink"", ""Music""]"
1345,Multan,"[""Sports"", ""Music"", ""Food And Drink""]"
1346,Lahore,"[""Music"", ""Other""]"
1347,Quetta,"[""Sports""]"
1348,Peshawar,"[""Education"", ""Music""]"
1349,Faisalabad,"[""Art""]"
1350,Faisalabad,"[""Food And Drink"", ""Festival""]"
1351,Faisalabad,"[""Art"", ""Music""]"
1352,Multan,"[""Music"", ""Education"", ""Other""]"
1353,Lahore,"[""Education"", ""Music"", ""Other""]"
1354,Peshawar,"[""Other"", ""Music"", ""Art""]"
1355,Quetta,"[""Art""]"
1356,Islamabad,"[""Art"", ""Education"", ""Music""]"
1357,Quetta,"[""Food And Drink"", ""Other""]"
1358,Peshawar,"[""Music"", ""Food And Drink"", ""Sports""]"
1359,Multan,"[""Sports""]"
1360,Islamabad,"[""Other"", ""Education""]"
1361,Lahore,"[""Sports"", ""Art"", ""Festival""]"
1362,Lahore,"[""Other"", ""Education"", ""Sports""]"
1363,Peshawar,"[""Music""]"
1364,Lahore,"[""Food And Drink"", ""Education"", ""Festival""]"
1365,Multan,"[""Sports"", ""Festival""]"
1366,Multan,"[""Art"", ""Sports"", ""Food And Drink""]"
1367,Karachi,"[""Sports"", ""Other"", ""Festival""]"
1368,Lahore,"[""Other"", ""Art"", ""Sports""]"
1369,Quetta,"[""Festival""]"
1370,Faisalabad,"[""Other"", ""Music"", ""Education""]"
1371,Multan,"[""Education"", ""Music"", ""Art""]"
1372,Lahore,"[""Art""]"
1373,Peshawar,"[""Festival""]"
1374,Karachi,"[""Art"", ""Other""]"
1375,Islamabad,"[""Festival"", ""Sports"", ""Music""]"
1376,Faisalabad,"[""Music"", ""Sports"", ""Art""]"
1377,Multan,"[""Art"", ""Education""]"
1378,Karachi,"[""Festival"", ""Education""]"
1379,Faisalabad,"[""Education"", ""Art"", ""Festival""]"
1380,Islamabad,"[""Music""]"
1381,Karachi,"[""Other""]"
1382,Islamabad,"[""Festival"", ""Other"", ""Food And Drink""]"
1383,Multan,"[""Sports"", ""Festival""]"
1384,Faisalabad,"[""Food And Drink"", ""Other""]"
1385,Faisalabad,"[""Other"", ""Art""]"
1386,Lahore,"[""Music"", ""Sports"", ""Education""]"
1387,Peshawar,"[""Other"", ""Sports""]"
1388,Multan,"[""Art""]"
1389,Lahore,"[""Music"", ""Festival"", ""Other""]"
1390,Peshawar,"[""Festival"", ""Music"", ""Education""]"
1391,Karachi,"[""Other"", ""Education""]"
1392,Islamabad,"[""Education""]"
1393,Islamabad,"[""Education"", ""Food And Drink"", ""Sports""]"
1394,Multan,"[""Sports"", ""Education""]"
1395,Peshawar,"[""Sports"", ""Food And Drink""]"
1396,Peshawar,"[""Music"", ""Food And Drink"", ""Art""]"
1397,Karachi,"[""Festival""]"
1398,Karachi,"[""Festival"", ""Sports"", ""Education""]"
1399,Peshawar,"[""Sports"", ""Other""]"
1400,Islamabad,"[""Festival"", ""Sports"", ""Food And Drink""]"
1401,Quetta,"[""Sports""]"
1402,Islamabad,"[""Sports"", ""Music""]"
1403,Multan,"[""Sports"", ""Music""]"
1404,Quetta,"[""Education""]"
1405,Faisalabad,"[""Food And Drink"", ""Other""]"
1406,Multan,"[""Music""]"
1407,Peshawar,"[""Music"", ""Festival""]"
1408,Peshawar,"[""Other"", ""Art"", ""Festival""]"
1409,Multan,"[""Education"", ""Sports"", ""Food And Drink""]"
1410,Multan,"[""Art"", ""Education""]"
1411,Islamabad,"[""Education""]"
1412,Faisalabad,"[""Sports"", ""Education""]"
1413,Faisalabad,"[""Other"", ""Art""]"
1414,Peshawar,"[""Education"", ""Music""]"
1415,Karachi,"[""Food And Drink""]"
1416,Peshawar,"[""Music""]"
1417,Karachi,"[""Art"", ""Sports"", ""Festival""]"
1418,Peshawar,"[""Art""]"
1419,Faisalabad,"[""Other"", ""Music"", ""Sports""]"
1420,Faisalabad,"[""Festival"", ""Music""]"
1421,Peshawar,"[""Food And Drink"", ""Other"", ""Sports""]"
1422,Quetta,"[""Festival""]"
1423,Lahore,"[""Music"", ""Sports""]"
1424,Peshawar,"[""Education""]"
1425,Multan,"[""Sports""]"
1426,Lahore,"[""Music"", ""Education"", ""Sports""]"
1427,Karachi,"[""Art""]"
1428,Multan,"[""Food And Drink"", ""Education"", ""Festival""]"
1429,Multan,"[""Festival""]"
1430,Karachi,"[""Other"", ""Art"", ""Music""]"
1431,Quetta,"[""Education"", ""Food And Drink""]"
1432,Quetta,"[""Sports"", ""Other""]"
1433,Quetta,"[""Education"", ""Sports""]"
1434,Multan,"[""Other"", ""Sports"", ""Education""]"
1435,Faisalabad,"[""Art"", ""Sports"", ""Other""]"
1436,Faisalabad,"[""Education"", ""Music"", ""Sports""]"
1437,Lahore,"[""Sports"", ""Music""]"
1438,Quetta,"[""Education""]"
1439,Peshawar,"[""Festival"", ""Food And Drink"", ""Sports""]"
1440,Faisalabad,"[""Sports""]"
1441,Peshawar,"[""Education"", ""Music"", ""Other""]"
1442,Faisalabad,"[""Music""]"
1443,Quetta,"[""Sports"", ""Education"", ""Festival""]"
1444,Multan,"[""Other""]"
1445,Islamabad,"[""Food And Drink"", ""Education"", ""Other""]"
1446,Peshawar,"[""Festival""]"
1447,Quetta,"[""Sports"", ""Food And Drink""]"
1448,Quetta,"[""Art"", ""Education""]"
1449,Lahore,"[""Other"", ""Festival"", ""Education""]"
1450,Faisalabad,"[""Sports"", ""Art""]"
1451,Lahore,"[""Other""]"
1452,Faisalabad,"[""Education"", ""Other""]"
1453,Multan,"[""Sports"", ""Music""]"
1454,Peshawar,"[""Other"", ""Music"", ""Education""]"
1455,Lahore,"[""Education""]"
1456,Multan,"[""Festival"", ""Sports""]"
1457,Lahore,"[""Food And Drink"", ""Art""]"
1458,Multan,"[""Food And Drink""]"
1459,Faisalabad,"[""Art"", ""Other"", ""Education""]"
1460,Multan,"[""Art"", ""Education"", ""Other""]"
1461,Faisalabad,"[""Other"", ""Sports""]"
1462,Karachi,"[""Other"", ""Education"", ""Food And Drink""]"
1463,Faisalabad,"[""Education"", ""Other""]"
1464,Islamabad,"[""Art"", ""Education""]"
1465,Quetta,"[""Food And Drink"", ""Festival"", ""Sports""]"
1466,Faisalabad,"[""Music"", ""Festival"", ""Sports""]"
1467,Peshawar,"[""Sports"", ""Music"", ""Other""]"
1468,Quetta,"[""Other"", ""Art""]"
1469,Karachi,"[""Education"", ""Festival"", ""Music""]"
1470,Quetta,"[""Festival"", ""Music""]"
1471,Karachi,"[""Other""]"
1472,Lahore,"[""Education"", ""Food And Drink""]"
1473,Karachi,"[""Art""]"
1474,Lahore,"[""Music"", ""Education""]"
1475,Multan,"[""Food And Drink"", ""Other"", ""Education""]"
1476,Lahore,"[""Art"", ""Festival"", ""Education""]"
1477,Faisalabad,"[""Festival""]"
1478,Quetta,"[""Music"", ""Sports""]"
1479,Karachi,"[""Other"", ""Education"", ""Art""]"
1480,Peshawar,"[""Other""]"
1481,Peshawar,"[""Education"", ""Festival"", ""Sports""]"
1482,Lahore,"[""Festival""]"
1483,Lahore,"[""Sports"", ""Festival""]"
1484,Islamabad,"[""Music""]"
1485,Faisalabad,"[""Art"", ""Festival""]"
1486,Peshawar,"[""Education"", ""Sports""]"
1487,Multan,"[""Festival""]"
1488,Peshawar,"[""Music""]"
1489,Peshawar,"[""Festival"", ""Education""]"
1490,Karachi,"[""Art"", ""Other""]"
1491,Peshawar,"[""Sports"", ""Food And Drink"", ""Festival""]"
1492,Karachi,"[""Art""]"
1493,Peshawar,"[""Education"", ""Music""]"
1494,Islamabad,"[""Education""]"
1495,Islamabad,"[""Music"", ""Education""]"
1496,Multan,"[""Other"", ""Education"", ""Art""]"
1497,Faisalabad,"[""Food And Drink"", ""Education""]"
1498,Islamabad,"[""Other""]"
1499,Peshawar,"[""Festival"", ""Food And Drink""]"
1500,Lahore,"[""Food And Drink""]"
1501,Multan,"[""Music"", ""Food And Drink""]"
1502,Multan,"[""Festival""]"
1503,Islamabad,"[""Other""]"
1504,Peshawar,"[""Art"", ""Education""]"
1505,Quetta,"[""Festival""]"
1506,Lahore,"[""Sports"", ""Art""]"
1507,Quetta,"[""Festival"", ""Other""]"
1508,Karachi,"[""Music"", ""Education""]"
1509,Karachi,"[""Art"", ""Other""]"
1510,Faisalabad,"[""Art"", ""Sports"", ""Festival""]"
1511,Quetta,"[""Sports"", ""Other"", ""Festival""]"
1512,Karachi,"[""Sports"", ""Other""]"
1513,Peshawar,"[""Other""]"
1514,Lahore,"[""Sports"", ""Music""]"
1515,Multan,"[""Festival""]"
1516,Quetta,"[""Education"", ""Music""]"
1517,Peshawar,"[""Music"", ""Food And Drink"", ""Art""]"
1518,Quetta,"[""Food And Drink"", ""Education""]"
1519,Quetta,"[""Food And Drink"", ""Sports""]"
1520,Quetta,"[""Art"", ""Food And Drink"", ""Sports""]"
1521,Quetta,"[""Sports"", ""Music"", ""Education""]"
1522,Lahore,"[""Food And Drink"", ""Education""]"
1523,Faisalabad,"[""Art"", ""Food And Drink"", ""Sports""]"
1524,Peshawar,"[""Festival""]"
1525,Lahore,"[""Art"", ""Festival""]"
1526,Karachi,"[""Festival""]"
1527,Islamabad,"[""Education"", ""Music""]"
1528,Karachi,"[""Education"", ""Art""]"
1529,Faisalabad,"[""Art"", ""Sports"", ""Other""]"
1530,Faisalabad,"[""Art"", ""Other"", ""Sports""]"
1531,Multan,"[""Sports"", ""Food And Drink""]"
1532,Islamabad,"[""Art"", ""Food And Drink""]"
1533,Karachi,"[""Sports"", ""Education""]"
1534,Multan,"[""Festival"", ""Sports"", ""Music""]"
1535,Peshawar,"[""Other"", ""Sports""]"
1536,Karachi,"[""Other"", ""Food And Drink""]"
1537,Multan,"[""Other""]"
1538,Quetta,"[""Food And Drink""]"
1539,Faisalabad,"[""Sports""]"
1540,Peshawar,"[""Sports"", ""Festival""]"
1541,Islamabad,"[""Festival"", ""Art"", ""Food And Drink""]"
1542,Lahore,"[""Education"", ""Other""]"
1543,Karachi,"[""Music"", ""Festival""]"
1544,Quetta,"[""Sports""]"
1545,Lahore,"[""Food And Drink"", ""Festival""]"
1546,Islamabad,"[""Festival"", ""Art""]"
1547,Peshawar,"[""Art"", ""Education""]"
1548,Faisalabad,"[""Art"", ""Music""]"
1549,Quetta,"[""Art""]"
1550,Peshawar,"[""Education"", ""Sports"", ""Other""]"
1551,Quetta,"[""Festival"", ""Education"", ""Sports""]"
1552,Multan,"[""Art"", ""Other""]"
1553,Lahore,"[""Food And Drink"", ""Festival"", ""Other""]"
1554,Faisalabad,"[""Education"", ""Art""]"
1555,Faisalabad,"[""Sports"", ""Other"", ""Art""]"
1556,Quetta,"[""Education"", ""Other"", ""Food And Drink""]"
1557,Karachi,"[""Music""]"
1558,Islamabad,"[""Sports"", ""Art""]"
1559,Peshawar,"[""Art"", ""Festival"", ""Other""]"
1560,Quetta,"[""Food And Drink"", ""Art"", ""Other""]"
1561,Peshawar,"[""Festival"", ""Education""]"
1562,Karachi,"[""Food And Drink"", ""Sports""]"
1563,Multan,"[""Sports""]"
1564,Islamabad,"[""Festival""]"
1565,Karachi,"[""Festival"", ""Other"", ""Music""]"
1566,Lahore,"[""Food And Drink""]"
1567,Faisalabad,"[""Music""]"
1568,Peshawar,"[""Music"", ""Other"", ""Food And Drink""]"
1569,Islamabad,"[""Music""]"
1570,Islamabad,"[""Sports"", ""Music"", ""Food And Drink""]"
1571,Multan,"[""Sports""]"
1572,Karachi,"[""Food And Drink"", ""Festival""]"
1573,Quetta,"[""Education""]"
1574,Lahore,"[""Music""]"
1575,Faisalabad,"[""Art"", ""Other"", ""Food And Drink""]"
1576,Karachi,"[""Art"", ""Education"", ""Food And Drink""]"
1577,Peshawar,"[""Education"", ""Sports"", ""Other""]"
1578,Multan,"[""Festival"", ""Other""]"
1579,Islamabad,"[""Food And Drink"", ""Education"", ""Festival""]"
1580,Karachi,"[""Food And Drink"", ""Education""]"
1581,Islamabad,"[""Food And Drink""]"
1582,Karachi,"[""Food And Drink"", ""Art""]"
1583,Peshawar,"[""Music"", ""Other""]"
1584,Islamabad,"[""Art""]"
1585,Multan,"[""Education"", ""Music""]"
1586,Islamabad,"[""Other"", ""Food And Drink""]"
1587,Faisalabad,"[""Other""]"
1588,Quetta,"[""Education"", ""Sports""]"
1589,Islamabad,"[""Education""]"
1590,Peshawar,"[""Food And Drink""]"
1591,Karachi,"[""Food And Drink"", ""Sports""]"
1592,Quetta,"[""Festival"", ""Other"", ""Food And Drink""]"
1593,Lahore,"[""Sports"", ""Art""]"
1594,Peshawar,"[""Festival"", ""Sports""]"
1595,Islamabad,"[""Other"", ""Festival"", ""Art""]"
1596,Faisalabad,"[""Festival"", ""Education"", ""Art""]"
1597,Lahore,"[""Other""]"
1598,Islamabad,"[""Sports""]"
1599,Faisalabad,"[""Festival""]"
1600,Faisalabad,"[""Food And Drink"", ""Art"", ""Education""]"
1601,Lahore,"[""Art""]"
1602,Peshawar,"[""Music""]"
1603,Lahore,"[""Sports""]"
1604,Multan,"[""Art"", ""Sports""]"
1605,Karachi,"[""Festival"", ""Music""]"
1606,Lahore,"[""Sports""]"
1607,Faisalabad,"[""Sports"", ""Art""]"
1608,Islamabad,"[""Other"", ""Food And Drink""]"
1609,Islamabad,"[""Festival"", ""Music""]"
1610,Quetta,"[""Other""]"
1611,Islamabad,"[""Music""]"
1612,Faisalabad,"[""Music"", ""Education""]"
1613,Quetta,"[""Sports""]"
1614,Quetta,"[""Other"", ""Food And Drink""]"
1615,Quetta,"[""Music""]"
1616,Karachi,"[""Sports"", ""Food And Drink"", ""Festival""]"
1617,Multan,"[""Music"", ""Sports"", ""Food And Drink""]"
1618,Multan,"[""Education""]"
1619,Faisalabad,"[""Food And Drink""]"
1620,Multan,"[""Art"", ""Other"", ""Sports""]"
1621,Peshawar,"[""Music"", ""Festival"", ""Education""]"
1622,Faisalabad,"[""Art""]"
1623,Lahore,"[""Art"", ""Sports"", ""Other""]"
1624,Multan,"[""Sports"", ""Music"", ""Other""]"
1625,Karachi,"[""Art"", ""Music""]"
1626,Faisalabad,"[""Education"", ""Music""]"
1627,Lahore,"[""Music""]"
1628,Multan,"[""Other"", ""Festival"", ""Food And Drink""]"
1629,Karachi,"[""Sports"", ""Art"", ""Music""]"
1630,Lahore,"[""Food And Drink""]"
1631,Lahore,"[""Education"", ""Art"", ""Music""]"
1632,Multan,"[""Festival"", ""Sports""]"
1633,Faisalabad,"[""Other"", ""Music"", ""Sports""]"
1634,Peshawar,"[""Art""]"
1635,Multan,"[""Other"", ""Art"", ""Food And Drink""]"
1636,Multan,"[""Music""]"
1637,Karachi,"[""Art"", ""Festival""]"
1638,Multan,"[""Music"", ""Food And Drink""]"
1639,Peshawar,"[""Education"", ""Art""]"
1640,Karachi,"[""Food And Drink"", ""Sports"", ""Education""]"
1641,Islamabad,"[""Art"", ""Other"", ""Food And Drink""]"
1642,Lahore,"[""Other"", ""Education"", ""Sports""]"
1643,Quetta,"[""Sports"", ""Food And Drink"", ""Art""]"
1644,Faisalabad,"[""Education"", ""Art""]"
1645,Multan,"[""Other""]"
1646,Lahore,"[""Food And Drink"", ""Festival"", ""Sports""]"
1647,Karachi,"[""Other"", ""Art"", ""Education""]"
1648,Multan,"[""Festival"", ""Music""]"
1649,Peshawar,"[""Other"", ""Food And Drink"", ""Sports""]"
1650,Peshawar,"[""Food And Drink"", ""Education"", ""Sports""]"
1651,Multan,"[""Art"", ""Food And Drink""]"
1652,Peshawar,"[""Music"", ""Other""]"
1653,Karachi,"[""Music"", ""Other"", ""Sports""]"
1654,Lahore,"[""Sports""]"
1655,Lahore,"[""Sports"", ""Music""]"
1656,Peshawar,"[""Festival"", ""Food And Drink"", ""Other""]"
1657,Lahore,"[""Festival"", ""Education"", ""Art""]"
1658,Multan,"[""Sports"", ""Education""]"
1659,Karachi,"[""Music""]"
1660,Quetta,"[""Food And Drink"", ""Music"", ""Other""]"
1661,Multan,"[""Music"", ""Art"", ""Education""]"
1662,Quetta,"[""Other"", ""Art""]"
1663,Peshawar,"[""Music"", ""Education"", ""Art""]"
1664,Lahore,"[""Festival""]"
1665,Peshawar,"[""Music"", ""Sports""]"
1666,Multan,"[""Music""]"
1667,Faisalabad,"[""Education""]"
1668,Peshawar,"[""Sports""]"
1669,Peshawar,"[""Sports"", ""Education"", ""Other""]"
1670,Quetta,"[""Education"", ""Food And Drink"", ""Music""]"
1671,Multan,"[""Education"", ""Art"", ""Food And Drink""]"
1672,Quetta,"[""Food And Drink"", ""Music"", ""Sports""]"
1673,Faisalabad,"[""Education""]"
1674,Peshawar,"[""Art"", ""Festival"", ""Sports""]"
1675,Peshawar,"[""Food And Drink"", ""Art"", ""Festival""]"
1676,Faisalabad,"[""Other"", ""Art""]"
1677,Peshawar,"[""Food And Drink"", ""Festival"", ""Art""]"
1678,Peshawar,"[""Education""]"
1679,Quetta,"[""Food And Drink""]"
1680,Faisalabad,"[""Festival"", ""Art"", ""Other""]"
1681,Multan,"[""Food And Drink"", ""Music""]"
1682,Peshawar,"[""Art""]"
1683,Karachi,"[""Education""]"
1684,Karachi,"[""Music"", ""Art""]"
1685,Islamabad,"[""Other""]"
1686,Quetta,"[""Other""]"
1687,Peshawar,"[""Other"", ""Art"", ""Education""]"
1688,Lahore,"[""Education"", ""Other"", ""Sports""]"
1689,Islamabad,"[""Food And Drink""]"
1690,Islamabad,"[""Sports""]"
1691,Karachi,"[""Education"", ""Sports""]"
1692,Lahore,"[""Other"", ""Art""]"
1693,Multan,"[""Food And Drink"", ""Education"", ""Sports""]"
1694,Islamabad,"[""Festival""]"
1695,Quetta,"[""Sports"", ""Food And Drink""]"
1696,Peshawar,"[""Festival"", ""Education"", ""Music""]"
1697,Faisalabad,"[""Art"", ""Music"", ""Education""]"
1698,Lahore,"[""Other""]"
1699,Faisalabad,"[""Art"", ""Food And Drink""]"
1700,Quetta,"[""Other""]"
1701,Multan,"[""Festival""]"
1702,Lahore,"[""Music"", ""Festival"", ""Food And Drink""]"
1703,Islamabad,"[""Education"", ""Music""]"
1704,Peshawar,"[""Education"", ""Sports"", ""Art""]"
1705,Multan,"[""Sports"", ""Other"", ""Music""]"
1706,Peshawar,"[""Food And Drink"", ""Other"", ""Education""]"
1707,Islamabad,"[""Music"", ""Sports"", ""Food And Drink""]"
1708,Islamabad,"[""Sports"", ""Other""]"
1709,Peshawar,"[""Food And Drink""]"
1710,Islamabad,"[""Music"", ""Education"", ""Food And Drink""]"
1711,Peshawar,"[""Food And Drink""]"
1712,Karachi,"[""Other"", ""Festival""]"
1713,Peshawar,"[""Food And Drink""]"
1714,Faisalabad,"[""Food And Drink""]"
1715,Peshawar,"[""Education"", ""Sports"", ""Other""]"
1716,Lahore,"[""Education"", ""Sports"", ""Festival""]"
1717,Islamabad,"[""Other"", ""Food And Drink""]"
1718,Multan,"[""Education"", ""Music"", ""Festival""]"
1719,Islamabad,"[""Food And Drink"", ""Art""]"
1720,Islamabad,"[""Art""]"
1721,Karachi,"[""Festival"", ""Music"", ""Art""]"
1722,Peshawar,"[""Education"", ""Food And Drink""]"
1723,Lahore,"[""Food And Drink""]"
1724,Multan,"[""Sports""]"
1725,Quetta,"[""Sports"", ""Festival""]"
1726,Multan,"[""Music""]"
1727,Peshawar,"[""Sports""]"
1728,Quetta,"[""Other""]"
1729,Multan,"[""Music"", ""Art""]"
1730,Faisalabad,"[""Art""]"
1731,Karachi,"[""Music"", ""Art""]"
1732,Peshawar,"[""Education"", ""Sports"", ""Festival""]"
1733,Faisalabad,"[""Other"", ""Art"", ""Education""]"
1734,Faisalabad,"[""Festival"", ""Sports"", ""Music""]"
1735,Islamabad,"[""Festival"", ""Education"", ""Music""]"
1736,Islamabad,"[""Music""]"
1737,Multan,"[""Other""]"
1738,Multan,"[""Art"", ""Music"", ""Food And Drink""]"
1739,Faisalabad,"[""Music""]"
1740,Quetta,"[""Art"", ""Festival"", ""Other""]"
1741,Islamabad,"[""Music""]"
1742,Peshawar,"[""Food And Drink"", ""Sports"", ""Other""]"
1743,Quetta,"[""Music"", ""Art"", ""Food And Drink""]"
1744,Karachi,"[""Education"", ""Music"", ""Sports""]"
1745,Lahore,"[""Food And Drink"", ""Education"", ""Music""]"
1746,Islamabad,"[""Education""]"
1747,Multan,"[""Food And Drink"", ""Other""]"
1748,Islamabad,"[""Music""]"
1749,Karachi,"[""Art"", ""Other"", ""Festival""]"
1750,Faisalabad,"[""Art"", ""Music"", ""Other""]"
1751,Islamabad,"[""Education""]"
1752,Islamabad,"[""Sports""]"
1753,Lahore,"[""Festival"", ""Sports""]"
1754,Quetta,"[""Food And Drink"", ""Education"", ""Festival""]"
1755,Karachi,"[""Festival"", ""Sports"", ""Food And Drink""]"
1756,Peshawar,"[""Sports"", ""Food And Drink"", ""Art""]"
1757,Karachi,"[""Food And Drink"", ""Education""]"
1758,Karachi,"[""Festival""]"
1759,Quetta,"[""Education"", ""Festival"", ""Sports""]"
1760,Multan,"[""Art""]"
1761,Quetta,"[""Education"", ""Sports"", ""Food And Drink""]"
1762,Peshawar,"[""Festival""]"
1763,Lahore,"[""Art""]"
1764,Karachi,"[""Education"", ""Festival"", ""Music""]"
1765,Multan,"[""Other"", ""Sports""]"
1766,Islamabad,"[""Other""]"
1767,Faisalabad,"[""Food And Drink"", ""Art""]"
1768,Karachi,"[""Other"", ""Festival"", ""Art""]"
1769,Karachi,"[""Music""]"
1770,Quetta,"[""Music""]"
1771,Peshawar,"[""Education"", ""Art"", ""Other""]"
1772,Karachi,"[""Sports"", ""Education"", ""Other""]"
1773,Multan,"[""Music"", ""Art"", ""Other""]"
1774,Quetta,"[""Sports"", ""Education""]"
1775,Karachi,"[""Food And Drink"", ""Festival"", ""Art""]"
1776,Karachi,"[""Food And Drink"", ""Other""]"
1777,Karachi,"[""Sports""]"
1778,Quetta,"[""Food And Drink""]"
1779,Faisalabad,"[""Art""]"
1780,Multan,"[""Festival""]"
1781,Karachi,"[""Other""]"
1782,Faisalabad,"[""Sports""]"
1783,Quetta,"[""Food And Drink"", ""Festival"", ""Art""]"
1784,Faisalabad,"[""Sports"", ""Food And Drink""]"
1785,Multan,"[""Education""]"
1786,Faisalabad,"[""Festival"", ""Art""]"
1787,Peshawar,"[""Festival"", ""Education"", ""Other""]"
1788,Peshawar,"[""Festival"", ""Other"", ""Music""]"
1789,Faisalabad,"[""Food And Drink""]"
1790,Peshawar,"[""Sports""]"
1791,Peshawar,"[""Food And Drink"", ""Festival"", ""Music""]"
1792,Lahore,"[""Education"", ""Festival""]"
1793,Faisalabad,"[""Art""]"
1794,Faisalabad,"[""Art"", ""Other""]"
1795,Islamabad,"[""Food And Drink""]"
1796,Karachi,"[""Music"", ""Festival"", ""Education""]"
1797,Faisalabad,"[""Other"", ""Festival""]"
1798,Peshawar,"[""Festival""]"
1799,Quetta,"[""Sports""]"
1800,Faisalabad,"[""Festival"", ""Education"", ""Sports""]"
1801,Lahore,"[""Art"", ""Food And Drink""]"
1802,Peshawar,"[""Food And Drink""]"
1803,Islamabad,"[""Sports"", ""Food And Drink"", ""Music""]"
1804,Multan,"[""Festival"", ""Other""]"
1805,Multan,"[""Festival""]"
1806,Lahore,"[""Music""]"
1807,Lahore,"[""Food And Drink"", ""Festival"", ""Art""]"
1808,Peshawar,"[""Festival"", ""Food And Drink"", ""Education""]"
1809,Peshawar,"[""Food And Drink""]"
1810,Islamabad,"[""Music"", ""Sports""]"
1811,Karachi,"[""Other"", ""Festival"", ""Sports""]"
1812,Quetta,"[""Sports""]"
1813,Islamabad,"[""Music"", ""Food And Drink"", ""Art""]"
1814,Multan,"[""Other"", ""Food And Drink"", ""Art""]"
1815,Karachi,"[""Music""]"
1816,Peshawar,"[""Music""]"
1817,Faisalabad,"[""Music"", ""Food And Drink""]"
1818,Peshawar,"[""Education"", ""Music""]"
1819,Peshawar,"[""Sports"", ""Other""]"
1820,Faisalabad,"[""Food And Drink"", ""Other"", ""Festival""]"
1821,Peshawar,"[""Education""]"
1822,Peshawar,"[""Sports""]"
1823,Peshawar,"[""Education"", ""Festival""]"
1824,Karachi,"[""Music""]"
1825,Multan,"[""Music""]"
1826,Quetta,"[""Music"", ""Sports""]"
1827,Peshawar,"[""Festival""]"
1828,Lahore,"[""Art"", ""Other"", ""Music""]"
1829,Karachi,"[""Food And Drink""]"
1830,Islamabad,"[""Festival""]"
1831,Peshawar,"[""Festival"", ""Other"", ""Education""]"
1832,Islamabad,"[""Sports"", ""Food And Drink"", ""Education""]"
1833,Quetta,"[""Music""]"
1834,Faisalabad,"[""Art"", ""Other""]"
1835,Faisalabad,"[""Other""]"
1836,Karachi,"[""Music"", ""Art"", ""Food And Drink""]"
1837,Quetta,"[""Festival""]"
1838,Faisalabad,"[""Art"", ""Education""]"
1839,Peshawar,"[""Sports"", ""Festival"", ""Other""]"
1840,Peshawar,"[""Music""]"
1841,Faisalabad,"[""Festival"", ""Education"", ""Music""]"
1842,Faisalabad,"[""Festival"", ""Education"", ""Art""]"
1843,Peshawar,"[""Other"", ""Art"", ""Festival""]"
1844,Peshawar,"[""Education"", ""Art"", ""Sports""]"
1845,Faisalabad,"[""Food And Drink"", ""Education"", ""Other""]"
1846,Karachi,"[""Education""]"
1847,Lahore,"[""Art"", ""Sports"", ""Music""]"
1848,Multan,"[""Food And Drink""]"
1849,Quetta,"[""Festival""]"
1850,Peshawar,"[""Other""]"
1851,Islamabad,"[""Food And Drink"", ""Music""]"
1852,Karachi,"[""Education"", ""Festival""]"
1853,Karachi,"[""Festival""]"
1854,Islamabad,"[""Art"", ""Other"", ""Music""]"
1855,Islamabad,"[""Education"", ""Other""]"
1856,Multan,"[""Music""]"
1857,Multan,"[""Art"", ""Food And Drink""]"
1858,Karachi,"[""Education"", ""Music"", ""Sports""]"
1859,Multan,"[""Other"", ""Art""]"
1860,Multan,"[""Food And Drink"", ""Music""]"
1861,Karachi,"[""Food And Drink""]"
1862,Faisalabad,"[""Food And Drink"", ""Education"", ""Art""]"
1863,Quetta,"[""Festival"", ""Music""]"
1864,Peshawar,"[""Art"", ""Education"", ""Other""]"
1865,Multan,"[""Music"", ""Sports"", ""Education""]"
1866,Lahore,"[""Other"", ""Art""]"
1867,Quetta,"[""Art""]"
1868,Faisalabad,"[""Art""]"
1869,Peshawar,"[""Education"", ""Sports"", ""Other""]"
1870,Lahore,"[""Sports"", ""Education""]"
1871,Multan,"[""Festival"", ""Art""]"
1872,Faisalabad,"[""Art""]"
1873,Karachi,"[""Food And Drink""]"
1874,Karachi,"[""Food And Drink"", ""Art""]"
1875,Islamabad,"[""Art"", ""Sports"", ""Music""]"
1876,Karachi,"[""Other""]"
1877,Peshawar,"[""Food And Drink""]"
1878,Faisalabad,"[""Other""]"
1879,Faisalabad,"[""Sports"", ""Other"", ""Art""]"
1880,Quetta,"[""Other"", ""Education"", ""Art""]"
1881,Quetta,"[""Sports"", ""Music""]"
1882,Multan,"[""Festival"", ""Sports"", ""Other""]"
1883,Faisalabad,"[""Food And Drink""]"
1884,Lahore,"[""Other"", ""Education"", ""Music""]"
1885,Quetta,"[""Music"", ""Festival""]"
1886,Faisalabad,"[""Other"", ""Music"", ""Art""]"
1887,Peshawar,"[""Music""]"
1888,Peshawar,"[""Festival"", ""Art"", ""Music""]"
1889,Islamabad,"[""Festival"", ""Sports""]"
1890,Islamabad,"[""Sports""]"
1891,Quetta,"[""Education"", ""Art""]"
1892,Islamabad,"[""Festival"", ""Music""]"
1893,Islamabad,"[""Sports""]"
1894,Peshawar,"[""Music""]"
1895,Peshawar,"[""Education"", ""Music"", ""Sports""]"
1896,Islamabad,"[""Education"", ""Art""]"
1897,Quetta,"[""Festival""]"
1898,Karachi,"[""Education"", ""Sports""]"
1899,Peshawar,"[""Art""]"
1900,Lahore,"[""Education"", ""Food And Drink""]"
1901,Faisalabad,"[""Music""]"
1902,Lahore,"[""Music"", ""Other"", ""Food And Drink""]"
1903,Faisalabad,"[""Food And Drink""]"
1904,Peshawar,"[""Festival""]"
1905,Peshawar,"[""Festival"", ""Other"", ""Food And Drink""]"
1906,Quetta,"[""Art"", ""Other""]"
1907,Quetta,"[""Festival""]"
1908,Quetta,"[""Other"", ""Education"", ""Music""]"
1909,Lahore,"[""Education"", ""Sports""]"
1910,Islamabad,"[""Food And Drink"", ""Music"", ""Other""]"
1911,Faisalabad,"[""Festival"", ""Other"", ""Food And Drink""]"
1912,Karachi,"[""Sports""]"
1913,Karachi,"[""Art"", ""Other"", ""Food And Drink""]"
1914,Faisalabad,"[""Festival"", ""Art"", ""Other""]"
1915,Faisalabad,"[""Music"", ""Other""]"
1916,Faisalabad,"[""Art""]"
1917,Islamabad,"[""Other"", ""Sports""]"
1918,Karachi,"[""Education"", ""Other""]"
1919,Islamabad,"[""Music"", ""Food And Drink"", ""Other""]"
1920,Peshawar,"[""Festival"", ""Music"", ""Art""]"
1921,Faisalabad,"[""Food And Drink"", ""Education""]"
1922,Karachi,"[""Education""]"
1923,Lahore,"[""Sports"", ""Food And Drink"", ""Festival""]"
1924,Peshawar,"[""Sports"", ""Festival""]"
1925,Peshawar,"[""Other"", ""Food And Drink""]"
1926,Karachi,"[""Education"", ""Festival""]"
1927,Multan,"[""Festival""]"
1928,Multan,"[""Festival""]"
1929,Peshawar,"[""Other"", ""Food And Drink"", ""Music""]"
1930,Lahore,"[""Food And Drink"", ""Art"", ""Education""]"
1931,Faisalabad,"[""Sports"", ""Art""]"
1932,Lahore,"[""Education""]"
1933,Islamabad,"[""Other"", ""Education"", ""Food And Drink""]"
1934,Lahore,"[""Festival"", ""Other""]"
1935,Quetta,"[""Sports""]"
1936,Quetta,"[""Education""]"
1937,Multan,"[""Other"", ""Music"", ""Sports""]"
1938,Peshawar,"[""Food And Drink""]"
1939,Peshawar,"[""Food And Drink"", ""Education""]"
1940,Multan,"[""Sports"", ""Other""]"
1941,Quetta,"[""Art"", ""Education""]"
1942,Lahore,"[""Art"", ""Food And Drink"", ""Other""]"
1943,Faisalabad,"[""Music"", ""Education"", ""Festival""]"
1944,Islamabad,"[""Other""]"
1945,Peshawar,"[""Art""]"
1946,Multan,"[""Music""]"
1947,Quetta,"[""Other"", ""Art"", ""Music""]"
1948,Karachi,"[""Other"", ""Music""]"
1949,Faisalabad,"[""Festival"", ""Education""]"
1950,Faisalabad,"[""Art"", ""Festival"", ""Food And Drink""]"
1951,Karachi,"[""Food And Drink"", ""Education""]"
1952,Karachi,"[""Sports"", ""Food And Drink"", ""Other""]"
1953,Karachi,"[""Food And Drink"", ""Art"", ""Other""]"
1954,Karachi,"[""Other"", ""Festival""]"
1955,Lahore,"[""Music""]"
1956,Multan,"[""Music"", ""Sports"", ""Food And Drink""]"
1957,Karachi,"[""Sports"", ""Music""]"
1958,Quetta,"[""Other"", ""Food And Drink"", ""Festival""]"
1959,Karachi,"[""Education"", ""Food And Drink"", ""Other""]"
1960,Peshawar,"[""Education"", ""Food And Drink""]"
1961,Karachi,"[""Food And Drink"", ""Art""]"
1962,Peshawar,"[""Food And Drink""]"
1963,Faisalabad,"[""Education""]"
1964,Islamabad,"[""Sports"", ""Festival"", ""Education""]"
1965,Islamabad,"[""Education"", ""Other""]"
1966,Peshawar,"[""Music""]"
1967,Lahore,"[""Festival"", ""Art""]"
1968,Karachi,"[""Food And Drink"", ""Festival"", ""Music""]"
1969,Faisalabad,"[""Festival"", ""Education"", ""Art""]"
1970,Lahore,"[""Music"", ""Education"", ""Festival""]"
1971,Multan,"[""Food And Drink""]"
1972,Multan,"[""Festival"", ""Other"", ""Music""]"
1973,Peshawar,"[""Education"", ""Other"", ""Art""]"
1974,Peshawar,"[""Art""]"
1975,Faisalabad,"[""Food And Drink""]"
1976,Faisalabad,"[""Food And Drink"", ""Education"", ""Art""]"
1977,Islamabad,"[""Other"", ""Art""]"
1978,Multan,"[""Music""]"
1979,Islamabad,"[""Festival"", ""Art"", ""Education""]"
1980,Faisalabad,"[""Festival""]"
1981,Multan,"[""Sports"", ""Education"", ""Music""]"
1982,Peshawar,"[""Other"", ""Festival""]"
1983,Faisalabad,"[""Art""]"
1984,Peshawar,"[""Sports""]"
1985,Quetta,"[""Other""]"
1986,Peshawar,"[""Art"", ""Sports""]"
1987,Lahore,"[""Art"", ""Other""]"
1988,Peshawar,"[""Music"", ""Education"", ""Sports""]"
1989,Islamabad,"[""Sports"", ""Festival"", ""Food And Drink""]"
1990,Quetta,"[""Art""]"
1991,Quetta,"[""Sports"", ""Food And Drink"", ""Other""]"
1992,Lahore,"[""Other"", ""Music"", ""Art""]"
1993,Quetta,"[""Education""]"
1994,Faisalabad,"[""Other""]"
1995,Karachi,"[""Other"", ""Food And Drink""]"
1996,Karachi,"[""Food And Drink"", ""Festival"", ""Sports""]"
1997,Multan,"[""Festival"", ""Art"", ""Music""]"
1998,Lahore,"[""Other"", ""Music""]"
1999,Faisalabad,"[""Food And Drink""]"
2000,Multan,"[""Art"", ""Food And Drink""]"
2243632002,,[]
921303812,Lahore,"[""Education"",""Sports""]"
